classId1,rela,classId2
N0000175413,isa,N0000193894
N0000175413,isa,N0000193906
N0000193894,isa,N0000189939
N0000193906,isa,N0000189939
N0000175414,isa,N0000175609
N0000175609,isa,N0000193907
N0000193897,isa,N0000193898
N0000193898,isa,N0000189939
N0000193906,isa,N0000189939
N0000193907,isa,N0000193897
N0000193907,isa,N0000193906
N0000175415,isa,N0000175940
N0000175415,isa,N0000193894
N0000175940,isa,N0000193893
N0000193893,isa,N0000189939
N0000193894,isa,N0000189939
N0000175416,isa,N0000175603
N0000175603,isa,N0000175940
N0000175603,isa,N0000193894
N0000175940,isa,N0000193893
N0000193893,isa,N0000189939
N0000193894,isa,N0000189939
N0000175418,isa,N0000193873
N0000175418,isa,N0000193904
N0000193873,isa,N0000189939
N0000193904,isa,N0000189939
N0000175419,isa,N0000193873
N0000175419,isa,N0000193894
N0000193873,isa,N0000189939
N0000193894,isa,N0000189939
N0000175420,isa,N0000193873
N0000193873,isa,N0000189939
N0000175421,isa,N0000193892
N0000193892,isa,N0000193893
N0000193892,isa,N0000193904
N0000193893,isa,N0000189939
N0000193904,isa,N0000189939
N0000175423,isa,N0000193894
N0000175423,isa,N0000193910
N0000193894,isa,N0000189939
N0000193905,isa,N0000189939
N0000193910,isa,N0000193905
N0000175425,isa,N0000193894
N0000175425,isa,N0000193910
N0000193894,isa,N0000189939
N0000193905,isa,N0000189939
N0000193910,isa,N0000193905
N0000175426,isa,N0000193893
N0000193893,isa,N0000189939
N0000175427,isa,N0000193893
N0000193893,isa,N0000189939
N0000175428,isa,N0000193894
N0000193894,isa,N0000189939
N0000175429,isa,N0000189939
N0000175430,isa,N0000193905
N0000193905,isa,N0000189939
N0000175431,isa,N0000175877
N0000175431,isa,N0000193880
N0000175877,isa,N0000193894
N0000193879,isa,N0000189939
N0000193880,isa,N0000193882
N0000193882,isa,N0000193879
N0000193894,isa,N0000189939
N0000175432,isa,N0000193880
N0000175432,isa,N0000193894
N0000193879,isa,N0000189939
N0000193880,isa,N0000193882
N0000193882,isa,N0000193879
N0000193894,isa,N0000189939
N0000175434,isa,N0000193880
N0000175434,isa,N0000193894
N0000193879,isa,N0000189939
N0000193880,isa,N0000193882
N0000193882,isa,N0000193879
N0000193894,isa,N0000189939
N0000175435,isa,N0000193882
N0000175435,isa,N0000193894
N0000193879,isa,N0000189939
N0000193882,isa,N0000193879
N0000193894,isa,N0000189939
N0000175443,isa,N0000193880
N0000175443,isa,N0000193894
N0000193879,isa,N0000189939
N0000193880,isa,N0000193882
N0000193882,isa,N0000193879
N0000193894,isa,N0000189939
N0000175429,isa,N0000189939
N0000175453,isa,N0000175429
N0000175453,isa,N0000193874
N0000175453,isa,N0000193891
N0000175453,isa,N0000193894
N0000193874,isa,N0000189939
N0000193891,isa,N0000189939
N0000193894,isa,N0000189939
N0000175454,isa,N0000193874
N0000175454,isa,N0000193894
N0000193874,isa,N0000189939
N0000193894,isa,N0000189939
N0000175457,isa,N0000193897
N0000175457,isa,N0000193902
N0000193897,isa,N0000193898
N0000193898,isa,N0000189939
N0000193902,isa,N0000189939
N0000175461,isa,N0000175466
N0000175461,isa,N0000193907
N0000175466,isa,N0000193883
N0000193879,isa,N0000189939
N0000193882,isa,N0000193879
N0000193883,isa,N0000193882
N0000193897,isa,N0000193898
N0000193898,isa,N0000189939
N0000193906,isa,N0000189939
N0000193907,isa,N0000193897
N0000193907,isa,N0000193906
N0000175462,isa,N0000175466
N0000175462,isa,N0000193907
N0000175466,isa,N0000193883
N0000193879,isa,N0000189939
N0000193882,isa,N0000193879
N0000193883,isa,N0000193882
N0000193897,isa,N0000193898
N0000193898,isa,N0000189939
N0000193906,isa,N0000189939
N0000193907,isa,N0000193897
N0000193907,isa,N0000193906
N0000175463,isa,N0000193883
N0000175463,isa,N0000193907
N0000193879,isa,N0000189939
N0000193882,isa,N0000193879
N0000193883,isa,N0000193882
N0000193897,isa,N0000193898
N0000193898,isa,N0000189939
N0000193906,isa,N0000189939
N0000193907,isa,N0000193897
N0000193907,isa,N0000193906
N0000175466,isa,N0000193883
N0000193879,isa,N0000189939
N0000193882,isa,N0000193879
N0000193883,isa,N0000193882
N0000175467,isa,N0000193881
N0000193879,isa,N0000189939
N0000193881,isa,N0000193882
N0000193882,isa,N0000193879
N0000175466,isa,N0000193883
N0000175468,isa,N0000175466
N0000175468,isa,N0000193907
N0000193879,isa,N0000189939
N0000193882,isa,N0000193879
N0000193883,isa,N0000193882
N0000193897,isa,N0000193898
N0000193898,isa,N0000189939
N0000193906,isa,N0000189939
N0000193907,isa,N0000193897
N0000193907,isa,N0000193906
N0000175470,isa,N0000193883
N0000175470,isa,N0000193907
N0000193879,isa,N0000189939
N0000193882,isa,N0000193879
N0000193883,isa,N0000193882
N0000193897,isa,N0000193898
N0000193898,isa,N0000189939
N0000193906,isa,N0000189939
N0000193907,isa,N0000193897
N0000193907,isa,N0000193906
N0000175473,isa,N0000193908
N0000193908,isa,N0000189939
N0000175474,isa,N0000193894
N0000175474,isa,N0000193901
N0000193894,isa,N0000189939
N0000193901,isa,N0000189939
N0000175476,isa,N0000193897
N0000175476,isa,N0000193901
N0000193897,isa,N0000193898
N0000193898,isa,N0000189939
N0000193901,isa,N0000189939
N0000175477,isa,N0000193880
N0000175477,isa,N0000193894
N0000193879,isa,N0000189939
N0000193880,isa,N0000193882
N0000193882,isa,N0000193879
N0000193894,isa,N0000189939
N0000175480,isa,N0000193880
N0000175480,isa,N0000193894
N0000193879,isa,N0000189939
N0000193880,isa,N0000193882
N0000193882,isa,N0000193879
N0000193894,isa,N0000189939
N0000175481,isa,N0000175484
N0000175484,isa,N0000193882
N0000193879,isa,N0000189939
N0000193882,isa,N0000193879
N0000175482,isa,N0000175485
N0000175485,isa,N0000193882
N0000193879,isa,N0000189939
N0000193882,isa,N0000193879
N0000175483,isa,N0000193880
N0000193879,isa,N0000189939
N0000193880,isa,N0000193882
N0000193882,isa,N0000193879
N0000175484,isa,N0000193882
N0000193879,isa,N0000189939
N0000193882,isa,N0000193879
N0000175485,isa,N0000193882
N0000193879,isa,N0000189939
N0000193882,isa,N0000193879
N0000175486,isa,N0000193879
N0000193879,isa,N0000189939
N0000175487,isa,N0000193881
N0000175487,isa,N0000193894
N0000193879,isa,N0000189939
N0000193881,isa,N0000193882
N0000193882,isa,N0000193879
N0000193894,isa,N0000189939
N0000175488,isa,N0000193880
N0000175488,isa,N0000193894
N0000193879,isa,N0000189939
N0000193880,isa,N0000193882
N0000193882,isa,N0000193879
N0000193894,isa,N0000189939
N0000175489,isa,N0000193880
N0000193879,isa,N0000189939
N0000193880,isa,N0000193882
N0000193882,isa,N0000193879
N0000175491,isa,N0000193880
N0000175491,isa,N0000193894
N0000193879,isa,N0000189939
N0000193880,isa,N0000193882
N0000193882,isa,N0000193879
N0000193894,isa,N0000189939
N0000175492,isa,N0000193880
N0000175492,isa,N0000193894
N0000193879,isa,N0000189939
N0000193880,isa,N0000193882
N0000193882,isa,N0000193879
N0000193894,isa,N0000189939
N0000175493,isa,N0000193880
N0000175493,isa,N0000193894
N0000193879,isa,N0000189939
N0000193880,isa,N0000193882
N0000193882,isa,N0000193879
N0000193894,isa,N0000189939
N0000175494,isa,N0000193880
N0000175494,isa,N0000193894
N0000193879,isa,N0000189939
N0000193880,isa,N0000193882
N0000193882,isa,N0000193879
N0000193894,isa,N0000189939
N0000175495,isa,N0000193880
N0000175495,isa,N0000193894
N0000193879,isa,N0000189939
N0000193880,isa,N0000193882
N0000193882,isa,N0000193879
N0000193894,isa,N0000189939
N0000175496,isa,N0000193880
N0000175496,isa,N0000193894
N0000193879,isa,N0000189939
N0000193880,isa,N0000193882
N0000193882,isa,N0000193879
N0000193894,isa,N0000189939
N0000175497,isa,N0000193880
N0000175497,isa,N0000193894
N0000193879,isa,N0000189939
N0000193880,isa,N0000193882
N0000193882,isa,N0000193879
N0000193894,isa,N0000189939
N0000175498,isa,N0000193881
N0000175498,isa,N0000193894
N0000193879,isa,N0000189939
N0000193881,isa,N0000193882
N0000193882,isa,N0000193879
N0000193894,isa,N0000189939
N0000175499,isa,N0000193880
N0000175499,isa,N0000193894
N0000193879,isa,N0000189939
N0000193880,isa,N0000193882
N0000193882,isa,N0000193879
N0000193894,isa,N0000189939
N0000175500,isa,N0000193880
N0000175500,isa,N0000193894
N0000193879,isa,N0000189939
N0000193880,isa,N0000193882
N0000193882,isa,N0000193879
N0000193894,isa,N0000189939
N0000175483,isa,N0000193880
N0000175501,isa,N0000175483
N0000175501,isa,N0000193894
N0000193879,isa,N0000189939
N0000193880,isa,N0000193882
N0000193882,isa,N0000193879
N0000193894,isa,N0000189939
N0000175502,isa,N0000193880
N0000175502,isa,N0000193894
N0000193879,isa,N0000189939
N0000193880,isa,N0000193882
N0000193882,isa,N0000193879
N0000193894,isa,N0000189939
N0000175503,isa,N0000175504
N0000175503,isa,N0000193880
N0000175504,isa,N0000193882
N0000175504,isa,N0000193894
N0000193879,isa,N0000189939
N0000193880,isa,N0000193882
N0000193882,isa,N0000193879
N0000193894,isa,N0000189939
N0000175504,isa,N0000193882
N0000175504,isa,N0000193894
N0000193879,isa,N0000189939
N0000193882,isa,N0000193879
N0000193894,isa,N0000189939
N0000175505,isa,N0000175882
N0000175505,isa,N0000193882
N0000175882,isa,N0000193894
N0000193879,isa,N0000189939
N0000193882,isa,N0000193879
N0000193894,isa,N0000189939
N0000175507,isa,N0000193881
N0000175507,isa,N0000193894
N0000193879,isa,N0000189939
N0000193881,isa,N0000193882
N0000193882,isa,N0000193879
N0000193894,isa,N0000189939
N0000175509,isa,N0000193880
N0000175509,isa,N0000193894
N0000193879,isa,N0000189939
N0000193880,isa,N0000193882
N0000193882,isa,N0000193879
N0000193894,isa,N0000189939
N0000175510,isa,N0000193881
N0000175510,isa,N0000193894
N0000193879,isa,N0000189939
N0000193881,isa,N0000193882
N0000193882,isa,N0000193879
N0000193894,isa,N0000189939
N0000175511,isa,N0000193880
N0000175511,isa,N0000193894
N0000193879,isa,N0000189939
N0000193880,isa,N0000193882
N0000193882,isa,N0000193879
N0000193894,isa,N0000189939
N0000175514,isa,N0000193897
N0000193897,isa,N0000193898
N0000193898,isa,N0000189939
N0000175515,isa,N0000193880
N0000175515,isa,N0000193907
N0000193879,isa,N0000189939
N0000193880,isa,N0000193882
N0000193882,isa,N0000193879
N0000193897,isa,N0000193898
N0000193898,isa,N0000189939
N0000193906,isa,N0000189939
N0000193907,isa,N0000193897
N0000193907,isa,N0000193906
N0000175517,isa,N0000193897
N0000193897,isa,N0000193898
N0000193898,isa,N0000189939
N0000175518,isa,N0000175889
N0000175518,isa,N0000193901
N0000175889,isa,N0000193883
N0000175889,isa,N0000193897
N0000193879,isa,N0000189939
N0000193882,isa,N0000193879
N0000193883,isa,N0000193882
N0000193897,isa,N0000193898
N0000193898,isa,N0000189939
N0000193901,isa,N0000189939
N0000175519,isa,N0000193887
N0000193887,isa,N0000193888
N0000193888,isa,N0000189939
N0000175521,isa,N0000193894
N0000175521,isa,N0000193902
N0000193894,isa,N0000189939
N0000193902,isa,N0000189939
N0000175473,isa,N0000193908
N0000175522,isa,N0000175473
N0000193908,isa,N0000189939
N0000175524,isa,N0000193883
N0000175524,isa,N0000193897
N0000193879,isa,N0000189939
N0000193882,isa,N0000193879
N0000193883,isa,N0000193882
N0000193897,isa,N0000193898
N0000193898,isa,N0000189939
N0000175525,isa,N0000193900
N0000175525,isa,N0000193904
N0000193900,isa,N0000189939
N0000193904,isa,N0000189939
N0000175526,isa,N0000193901
N0000193901,isa,N0000189939
N0000175530,isa,N0000193908
N0000193908,isa,N0000189939
N0000175531,isa,N0000193884
N0000193884,isa,N0000189939
N0000175535,isa,N0000193908
N0000193908,isa,N0000189939
N0000175536,isa,N0000193875
N0000175536,isa,N0000193895
N0000175536,isa,N0000193908
N0000193875,isa,N0000189939
N0000193895,isa,N0000189939
N0000193908,isa,N0000189939
N0000175539,isa,N0000193878
N0000193878,isa,N0000189939
N0000175540,isa,N0000193908
N0000193908,isa,N0000189939
N0000175541,isa,N0000193894
N0000175541,isa,N0000193902
N0000193894,isa,N0000189939
N0000193902,isa,N0000189939
N0000175543,isa,N0000193883
N0000193879,isa,N0000189939
N0000193882,isa,N0000193879
N0000193883,isa,N0000193882
N0000175552,isa,N0000175883
N0000175883,isa,N0000193886
N0000175883,isa,N0000193910
N0000193886,isa,N0000193888
N0000193888,isa,N0000189939
N0000193905,isa,N0000189939
N0000193910,isa,N0000193905
N0000175553,isa,N0000193887
N0000175553,isa,N0000193905
N0000193887,isa,N0000193888
N0000193888,isa,N0000189939
N0000193905,isa,N0000189939
N0000175552,isa,N0000175883
N0000175554,isa,N0000175552
N0000175883,isa,N0000193886
N0000175883,isa,N0000193910
N0000193886,isa,N0000193888
N0000193888,isa,N0000189939
N0000193905,isa,N0000189939
N0000193910,isa,N0000193905
N0000175555,isa,N0000175883
N0000175883,isa,N0000193886
N0000175883,isa,N0000193910
N0000193886,isa,N0000193888
N0000193888,isa,N0000189939
N0000193905,isa,N0000189939
N0000193910,isa,N0000193905
N0000175556,isa,N0000193887
N0000175556,isa,N0000193893
N0000175556,isa,N0000193905
N0000193887,isa,N0000193888
N0000193888,isa,N0000189939
N0000193893,isa,N0000189939
N0000193905,isa,N0000189939
N0000175557,isa,N0000193887
N0000175557,isa,N0000193893
N0000193887,isa,N0000193888
N0000193888,isa,N0000189939
N0000193893,isa,N0000189939
N0000175558,isa,N0000193906
N0000175558,isa,N0000193908
N0000193906,isa,N0000189939
N0000193908,isa,N0000189939
N0000175559,isa,N0000193891
N0000175559,isa,N0000193897
N0000193891,isa,N0000189939
N0000193897,isa,N0000193898
N0000193898,isa,N0000189939
N0000175560,isa,N0000193887
N0000193887,isa,N0000193888
N0000193888,isa,N0000189939
N0000175561,isa,N0000193887
N0000175561,isa,N0000193893
N0000193887,isa,N0000193888
N0000193888,isa,N0000189939
N0000193893,isa,N0000189939
N0000175562,isa,N0000175889
N0000175562,isa,N0000193893
N0000175889,isa,N0000193883
N0000175889,isa,N0000193897
N0000193879,isa,N0000189939
N0000193882,isa,N0000193879
N0000193883,isa,N0000193882
N0000193893,isa,N0000189939
N0000193897,isa,N0000193898
N0000193898,isa,N0000189939
N0000175563,isa,N0000193897
N0000193897,isa,N0000193898
N0000193898,isa,N0000189939
N0000175564,isa,N0000175940
N0000175940,isa,N0000193893
N0000193893,isa,N0000189939
N0000175565,isa,N0000193891
N0000175565,isa,N0000193894
N0000193891,isa,N0000189939
N0000193894,isa,N0000189939
N0000175566,isa,N0000193892
N0000193892,isa,N0000193893
N0000193892,isa,N0000193904
N0000193893,isa,N0000189939
N0000193904,isa,N0000189939
N0000175473,isa,N0000193908
N0000175567,isa,N0000175473
N0000193908,isa,N0000189939
N0000175568,isa,N0000193893
N0000175568,isa,N0000193894
N0000193893,isa,N0000189939
N0000193894,isa,N0000189939
N0000175569,isa,N0000193897
N0000193897,isa,N0000193898
N0000193898,isa,N0000189939
N0000175570,isa,N0000193893
N0000175570,isa,N0000193894
N0000175570,isa,N0000193910
N0000193893,isa,N0000189939
N0000193894,isa,N0000189939
N0000193905,isa,N0000189939
N0000193910,isa,N0000193905
N0000175571,isa,N0000193872
N0000175571,isa,N0000193902
N0000193872,isa,N0000189939
N0000193902,isa,N0000189939
N0000175572,isa,N0000193883
N0000175572,isa,N0000193887
N0000193879,isa,N0000189939
N0000193882,isa,N0000193879
N0000193883,isa,N0000193882
N0000193887,isa,N0000193888
N0000193888,isa,N0000189939
N0000175573,isa,N0000193900
N0000175573,isa,N0000193904
N0000193900,isa,N0000189939
N0000193904,isa,N0000189939
N0000175574,isa,N0000193887
N0000175574,isa,N0000193900
N0000175574,isa,N0000193905
N0000193887,isa,N0000193888
N0000193888,isa,N0000189939
N0000193900,isa,N0000189939
N0000193905,isa,N0000189939
N0000175575,isa,N0000193901
N0000175575,isa,N0000193902
N0000193901,isa,N0000189939
N0000193902,isa,N0000189939
N0000175576,isa,N0000193874
N0000175576,isa,N0000193886
N0000175576,isa,N0000193894
N0000193874,isa,N0000189939
N0000193886,isa,N0000193888
N0000193888,isa,N0000189939
N0000193894,isa,N0000189939
N0000175578,isa,N0000193901
N0000193901,isa,N0000189939
N0000175579,isa,N0000193894
N0000193894,isa,N0000189939
N0000175580,isa,N0000193886
N0000175580,isa,N0000193905
N0000193886,isa,N0000193888
N0000193888,isa,N0000189939
N0000193905,isa,N0000189939
N0000175581,isa,N0000193887
N0000193887,isa,N0000193888
N0000193888,isa,N0000189939
N0000175582,isa,N0000193887
N0000193887,isa,N0000193888
N0000193888,isa,N0000189939
N0000175583,isa,N0000193894
N0000193894,isa,N0000189939
N0000175584,isa,N0000193907
N0000193897,isa,N0000193898
N0000193898,isa,N0000189939
N0000193906,isa,N0000189939
N0000193907,isa,N0000193897
N0000193907,isa,N0000193906
N0000175586,isa,N0000193894
N0000175586,isa,N0000193901
N0000193894,isa,N0000189939
N0000193901,isa,N0000189939
N0000175587,isa,N0000193887
N0000193887,isa,N0000193888
N0000193888,isa,N0000189939
N0000175588,isa,N0000193897
N0000175588,isa,N0000193906
N0000193897,isa,N0000193898
N0000193898,isa,N0000189939
N0000193906,isa,N0000189939
N0000175589,isa,N0000193893
N0000175589,isa,N0000193897
N0000193893,isa,N0000189939
N0000193897,isa,N0000193898
N0000193898,isa,N0000189939
N0000175590,isa,N0000193873
N0000193873,isa,N0000189939
N0000175591,isa,N0000193897
N0000193897,isa,N0000193898
N0000193898,isa,N0000189939
N0000175592,isa,N0000193906
N0000193906,isa,N0000189939
N0000175594,isa,N0000193877
N0000175594,isa,N0000193894
N0000193877,isa,N0000189939
N0000193894,isa,N0000189939
N0000175595,isa,N0000193907
N0000193897,isa,N0000193898
N0000193898,isa,N0000189939
N0000193906,isa,N0000189939
N0000193907,isa,N0000193897
N0000193907,isa,N0000193906
N0000175596,isa,N0000193886
N0000193886,isa,N0000193888
N0000193888,isa,N0000189939
N0000175597,isa,N0000193908
N0000193908,isa,N0000189939
N0000175598,isa,N0000193897
N0000193897,isa,N0000193898
N0000193898,isa,N0000189939
N0000175599,isa,N0000193897
N0000193897,isa,N0000193898
N0000193898,isa,N0000189939
N0000175600,isa,N0000193877
N0000193877,isa,N0000189939
N0000175601,isa,N0000193874
N0000175601,isa,N0000193894
N0000193874,isa,N0000189939
N0000193894,isa,N0000189939
N0000175602,isa,N0000193874
N0000175602,isa,N0000193894
N0000193874,isa,N0000189939
N0000193894,isa,N0000189939
N0000175603,isa,N0000175940
N0000175603,isa,N0000193894
N0000175940,isa,N0000193893
N0000193893,isa,N0000189939
N0000193894,isa,N0000189939
N0000175604,isa,N0000175889
N0000175889,isa,N0000193883
N0000175889,isa,N0000193897
N0000193879,isa,N0000189939
N0000193882,isa,N0000193879
N0000193883,isa,N0000193882
N0000193897,isa,N0000193898
N0000193898,isa,N0000189939
N0000175605,isa,N0000193897
N0000193897,isa,N0000193898
N0000193898,isa,N0000189939
N0000175606,isa,N0000193874
N0000175606,isa,N0000193894
N0000193874,isa,N0000189939
N0000193894,isa,N0000189939
N0000175607,isa,N0000193894
N0000193894,isa,N0000189939
N0000175608,isa,N0000193891
N0000175608,isa,N0000193894
N0000193891,isa,N0000189939
N0000193894,isa,N0000189939
N0000175609,isa,N0000193907
N0000193897,isa,N0000193898
N0000193898,isa,N0000189939
N0000193906,isa,N0000189939
N0000193907,isa,N0000193897
N0000193907,isa,N0000193906
N0000175610,isa,N0000193887
N0000193887,isa,N0000193888
N0000193888,isa,N0000189939
N0000175611,isa,N0000193897
N0000193897,isa,N0000193898
N0000193898,isa,N0000189939
N0000175612,isa,N0000193911
N0000175612,isa,N0000193949
N0000193894,isa,N0000189939
N0000193906,isa,N0000189939
N0000193911,isa,N0000193906
N0000193949,isa,N0000193894
N0000175613,isa,N0000180853
N0000175613,isa,N0000193902
N0000180853,isa,N0000193907
N0000193897,isa,N0000193898
N0000193898,isa,N0000189939
N0000193902,isa,N0000189939
N0000193906,isa,N0000189939
N0000193907,isa,N0000193897
N0000193907,isa,N0000193906
N0000175616,isa,N0000193883
N0000193879,isa,N0000189939
N0000193882,isa,N0000193879
N0000193883,isa,N0000193882
N0000175622,isa,N0000193872
N0000175622,isa,N0000193887
N0000175622,isa,N0000193903
N0000193872,isa,N0000189939
N0000193887,isa,N0000193888
N0000193888,isa,N0000189939
N0000193902,isa,N0000189939
N0000193903,isa,N0000193902
N0000175623,isa,N0000193872
N0000175623,isa,N0000193909
N0000193872,isa,N0000189939
N0000193909,isa,N0000189939
N0000175605,isa,N0000193897
N0000175625,isa,N0000175605
N0000175625,isa,N0000193902
N0000193897,isa,N0000193898
N0000193898,isa,N0000189939
N0000193902,isa,N0000189939
N0000175630,isa,N0000193909
N0000193909,isa,N0000189939
N0000175634,isa,N0000193901
N0000193901,isa,N0000189939
N0000175637,isa,N0000193897
N0000175637,isa,N0000193901
N0000193897,isa,N0000193898
N0000193898,isa,N0000189939
N0000193901,isa,N0000189939
N0000175638,isa,N0000193901
N0000193901,isa,N0000189939
N0000175640,isa,N0000193893
N0000193893,isa,N0000189939
N0000175641,isa,N0000193887
N0000175641,isa,N0000193904
N0000193887,isa,N0000193888
N0000193888,isa,N0000189939
N0000193904,isa,N0000189939
N0000175655,isa,N0000193886
N0000193886,isa,N0000193888
N0000193888,isa,N0000189939
N0000175466,isa,N0000193883
N0000175656,isa,N0000175466
N0000175656,isa,N0000193907
N0000193879,isa,N0000189939
N0000193882,isa,N0000193879
N0000193883,isa,N0000193882
N0000193897,isa,N0000193898
N0000193898,isa,N0000189939
N0000193906,isa,N0000189939
N0000193907,isa,N0000193897
N0000193907,isa,N0000193906
N0000175657,isa,N0000193872
N0000175657,isa,N0000193902
N0000193872,isa,N0000189939
N0000193902,isa,N0000189939
N0000175658,isa,N0000193872
N0000193872,isa,N0000189939
N0000175659,isa,N0000193872
N0000193872,isa,N0000189939
N0000175605,isa,N0000193897
N0000175661,isa,N0000175605
N0000175661,isa,N0000193887
N0000193887,isa,N0000193888
N0000193888,isa,N0000189939
N0000193897,isa,N0000193898
N0000193898,isa,N0000189939
N0000175605,isa,N0000193897
N0000175664,isa,N0000175605
N0000175664,isa,N0000193887
N0000193887,isa,N0000193888
N0000193888,isa,N0000189939
N0000193897,isa,N0000193898
N0000193898,isa,N0000189939
N0000175665,isa,N0000193901
N0000193901,isa,N0000189939
N0000175666,isa,N0000193885
N0000193885,isa,N0000189939
N0000175667,isa,N0000193885
N0000175667,isa,N0000193902
N0000193885,isa,N0000189939
N0000193902,isa,N0000189939
N0000175669,isa,N0000193884
N0000193884,isa,N0000189939
N0000175670,isa,N0000193884
N0000193884,isa,N0000189939
N0000175671,isa,N0000193885
N0000193885,isa,N0000189939
N0000175679,isa,N0000193897
N0000193897,isa,N0000193898
N0000193898,isa,N0000189939
N0000175680,isa,N0000193904
N0000175680,isa,N0000193905
N0000193904,isa,N0000189939
N0000193905,isa,N0000189939
N0000175681,isa,N0000193878
N0000193878,isa,N0000189939
N0000175539,isa,N0000193878
N0000175682,isa,N0000175539
N0000175682,isa,N0000193894
N0000193878,isa,N0000189939
N0000193894,isa,N0000189939
N0000175539,isa,N0000193878
N0000175683,isa,N0000175539
N0000175683,isa,N0000193894
N0000193878,isa,N0000189939
N0000193894,isa,N0000189939
N0000175688,isa,N0000175692
N0000175692,isa,N0000193886
N0000175692,isa,N0000193887
N0000175692,isa,N0000193905
N0000193886,isa,N0000193888
N0000193887,isa,N0000193888
N0000193888,isa,N0000189939
N0000193905,isa,N0000189939
N0000175689,isa,N0000175690
N0000175690,isa,N0000193886
N0000175690,isa,N0000193905
N0000193886,isa,N0000193888
N0000193888,isa,N0000189939
N0000193905,isa,N0000189939
N0000175690,isa,N0000193886
N0000175690,isa,N0000193905
N0000193886,isa,N0000193888
N0000193888,isa,N0000189939
N0000193905,isa,N0000189939
N0000175691,isa,N0000193887
N0000193887,isa,N0000193888
N0000193888,isa,N0000189939
N0000175692,isa,N0000193886
N0000175692,isa,N0000193887
N0000175692,isa,N0000193905
N0000193886,isa,N0000193888
N0000193887,isa,N0000193888
N0000193888,isa,N0000189939
N0000193905,isa,N0000189939
N0000175693,isa,N0000193894
N0000193894,isa,N0000189939
N0000175694,isa,N0000193894
N0000175694,isa,N0000193904
N0000175694,isa,N0000193905
N0000193894,isa,N0000189939
N0000193904,isa,N0000189939
N0000193905,isa,N0000189939
N0000175695,isa,N0000193905
N0000193905,isa,N0000189939
N0000175696,isa,N0000193905
N0000193905,isa,N0000189939
N0000175697,isa,N0000193892
N0000175697,isa,N0000193905
N0000193892,isa,N0000193893
N0000193892,isa,N0000193904
N0000193893,isa,N0000189939
N0000193904,isa,N0000189939
N0000193905,isa,N0000189939
N0000175698,isa,N0000193897
N0000193897,isa,N0000193898
N0000193898,isa,N0000189939
N0000175700,isa,N0000193887
N0000175700,isa,N0000193893
N0000175700,isa,N0000193905
N0000193887,isa,N0000193888
N0000193888,isa,N0000189939
N0000193893,isa,N0000189939
N0000193905,isa,N0000189939
N0000175705,isa,N0000175706
N0000175706,isa,N0000193886
N0000175706,isa,N0000193904
N0000175706,isa,N0000193905
N0000193886,isa,N0000193888
N0000193888,isa,N0000189939
N0000193904,isa,N0000189939
N0000193905,isa,N0000189939
N0000175706,isa,N0000193886
N0000175706,isa,N0000193904
N0000175706,isa,N0000193905
N0000193886,isa,N0000193888
N0000193888,isa,N0000189939
N0000193904,isa,N0000189939
N0000193905,isa,N0000189939
N0000175710,isa,N0000193887
N0000193887,isa,N0000193888
N0000193888,isa,N0000189939
N0000175712,isa,N0000180853
N0000180853,isa,N0000193907
N0000193897,isa,N0000193898
N0000193898,isa,N0000189939
N0000193906,isa,N0000189939
N0000193907,isa,N0000193897
N0000193907,isa,N0000193906
N0000175713,isa,N0000189939
N0000175714,isa,N0000193877
N0000193877,isa,N0000189939
N0000175716,isa,N0000193909
N0000193909,isa,N0000189939
N0000175719,isa,N0000193886
N0000175719,isa,N0000193962
N0000193886,isa,N0000193888
N0000193888,isa,N0000189939
N0000193904,isa,N0000189939
N0000193962,isa,N0000193904
N0000175720,isa,N0000193887
N0000175720,isa,N0000193962
N0000193887,isa,N0000193888
N0000193888,isa,N0000189939
N0000193904,isa,N0000189939
N0000193962,isa,N0000193904
N0000175722,isa,N0000193897
N0000193897,isa,N0000193898
N0000193898,isa,N0000189939
N0000175723,isa,N0000193897
N0000175723,isa,N0000193905
N0000193897,isa,N0000193898
N0000193898,isa,N0000189939
N0000193905,isa,N0000189939
N0000175737,isa,N0000189939
N0000175737,isa,N0000189939
N0000175738,isa,N0000175737
N0000175739,isa,N0000193905
N0000193905,isa,N0000189939
N0000175740,isa,N0000193894
N0000193894,isa,N0000189939
N0000175429,isa,N0000189939
N0000175742,isa,N0000175429
N0000175742,isa,N0000193898
N0000175742,isa,N0000193905
N0000193898,isa,N0000189939
N0000193905,isa,N0000189939
N0000175743,isa,N0000193886
N0000175743,isa,N0000193905
N0000193886,isa,N0000193888
N0000193888,isa,N0000189939
N0000193905,isa,N0000189939
N0000175744,isa,N0000193897
N0000175744,isa,N0000193905
N0000193897,isa,N0000193898
N0000193898,isa,N0000189939
N0000193905,isa,N0000189939
N0000175745,isa,N0000193904
N0000175745,isa,N0000193905
N0000193904,isa,N0000189939
N0000193905,isa,N0000189939
N0000175746,isa,N0000193894
N0000175746,isa,N0000193905
N0000193894,isa,N0000189939
N0000193905,isa,N0000189939
N0000175747,isa,N0000193894
N0000175747,isa,N0000193902
N0000193894,isa,N0000189939
N0000193902,isa,N0000189939
N0000175749,isa,N0000193905
N0000193905,isa,N0000189939
N0000175750,isa,N0000193887
N0000175750,isa,N0000193909
N0000193887,isa,N0000193888
N0000193888,isa,N0000189939
N0000193909,isa,N0000189939
N0000175751,isa,N0000193905
N0000193905,isa,N0000189939
N0000175752,isa,N0000193894
N0000175752,isa,N0000193905
N0000193894,isa,N0000189939
N0000193905,isa,N0000189939
N0000175753,isa,N0000193905
N0000193905,isa,N0000189939
N0000175754,isa,N0000193897
N0000193897,isa,N0000193898
N0000193898,isa,N0000189939
N0000175757,isa,N0000193897
N0000193897,isa,N0000193898
N0000193898,isa,N0000189939
N0000175758,isa,N0000193905
N0000193905,isa,N0000189939
N0000175759,isa,N0000193886
N0000175759,isa,N0000193904
N0000193886,isa,N0000193888
N0000193888,isa,N0000189939
N0000193904,isa,N0000189939
N0000175744,isa,N0000193897
N0000175744,isa,N0000193905
N0000175762,isa,N0000175744
N0000193897,isa,N0000193898
N0000193898,isa,N0000189939
N0000193905,isa,N0000189939
N0000175765,isa,N0000193886
N0000175765,isa,N0000193905
N0000193886,isa,N0000193888
N0000193888,isa,N0000189939
N0000193905,isa,N0000189939
N0000175766,isa,N0000193894
N0000175766,isa,N0000193905
N0000193894,isa,N0000189939
N0000193905,isa,N0000189939
N0000175767,isa,N0000193886
N0000175767,isa,N0000193905
N0000193886,isa,N0000193888
N0000193888,isa,N0000189939
N0000193905,isa,N0000189939
N0000175768,isa,N0000193886
N0000175768,isa,N0000193905
N0000193886,isa,N0000193888
N0000193888,isa,N0000189939
N0000193905,isa,N0000189939
N0000175769,isa,N0000193910
N0000193905,isa,N0000189939
N0000193910,isa,N0000193905
N0000175771,isa,N0000193905
N0000193905,isa,N0000189939
N0000175772,isa,N0000193905
N0000193905,isa,N0000189939
N0000175775,isa,N0000193887
N0000193887,isa,N0000193888
N0000193888,isa,N0000189939
N0000175776,isa,N0000193908
N0000175776,isa,N0000193909
N0000193908,isa,N0000189939
N0000193909,isa,N0000189939
N0000175777,isa,N0000193887
N0000175777,isa,N0000193909
N0000193887,isa,N0000193888
N0000193888,isa,N0000189939
N0000193909,isa,N0000189939
N0000175778,isa,N0000193908
N0000175778,isa,N0000193909
N0000193908,isa,N0000189939
N0000193909,isa,N0000189939
N0000175555,isa,N0000175883
N0000175779,isa,N0000175555
N0000175883,isa,N0000193886
N0000175883,isa,N0000193910
N0000193886,isa,N0000193888
N0000193888,isa,N0000189939
N0000193905,isa,N0000189939
N0000193910,isa,N0000193905
N0000175780,isa,N0000193894
N0000193894,isa,N0000189939
N0000175781,isa,N0000193894
N0000175781,isa,N0000193900
N0000193894,isa,N0000189939
N0000193900,isa,N0000189939
N0000175782,isa,N0000193886
N0000175782,isa,N0000193894
N0000175782,isa,N0000193905
N0000193886,isa,N0000193888
N0000193888,isa,N0000189939
N0000193894,isa,N0000189939
N0000193905,isa,N0000189939
N0000175783,isa,N0000193897
N0000193897,isa,N0000193898
N0000193898,isa,N0000189939
N0000175784,isa,N0000193887
N0000175784,isa,N0000193900
N0000193887,isa,N0000193888
N0000193888,isa,N0000189939
N0000193900,isa,N0000189939
N0000175785,isa,N0000193874
N0000175785,isa,N0000193894
N0000193874,isa,N0000189939
N0000193894,isa,N0000189939
N0000175786,isa,N0000193887
N0000193887,isa,N0000193888
N0000193888,isa,N0000189939
N0000175790,isa,N0000193894
N0000175790,isa,N0000193897
N0000193894,isa,N0000189939
N0000193897,isa,N0000193898
N0000193898,isa,N0000189939
N0000175794,isa,N0000193872
N0000175794,isa,N0000193902
N0000193872,isa,N0000189939
N0000193902,isa,N0000189939
N0000175796,isa,N0000193909
N0000193909,isa,N0000189939
N0000175780,isa,N0000193894
N0000175797,isa,N0000175780
N0000193894,isa,N0000189939
N0000175798,isa,N0000193874
N0000175798,isa,N0000193894
N0000193874,isa,N0000189939
N0000193894,isa,N0000189939
N0000175800,isa,N0000193887
N0000175800,isa,N0000193905
N0000193887,isa,N0000193888
N0000193888,isa,N0000189939
N0000193905,isa,N0000189939
N0000175801,isa,N0000193894
N0000193894,isa,N0000189939
N0000175802,isa,N0000193894
N0000193894,isa,N0000189939
N0000175805,isa,N0000193908
N0000193908,isa,N0000189939
N0000175807,isa,N0000193908
N0000193908,isa,N0000189939
N0000175809,isa,N0000193897
N0000193897,isa,N0000193898
N0000193898,isa,N0000189939
N0000175810,isa,N0000193873
N0000175810,isa,N0000193908
N0000193873,isa,N0000189939
N0000193908,isa,N0000189939
N0000175811,isa,N0000193900
N0000175811,isa,N0000193908
N0000193900,isa,N0000189939
N0000193908,isa,N0000189939
N0000175812,isa,N0000193900
N0000193900,isa,N0000189939
N0000175814,isa,N0000193893
N0000175814,isa,N0000193908
N0000193893,isa,N0000189939
N0000193908,isa,N0000189939
N0000175815,isa,N0000193887
N0000175815,isa,N0000193905
N0000193887,isa,N0000193888
N0000193888,isa,N0000189939
N0000193905,isa,N0000189939
N0000175818,isa,N0000193887
N0000175818,isa,N0000193905
N0000193887,isa,N0000193888
N0000193888,isa,N0000189939
N0000193905,isa,N0000189939
N0000175819,isa,N0000193884
N0000193884,isa,N0000189939
N0000175820,isa,N0000193884
N0000193884,isa,N0000189939
N0000175821,isa,N0000193884
N0000193884,isa,N0000189939
N0000175822,isa,N0000193884
N0000193884,isa,N0000189939
N0000175823,isa,N0000193884
N0000193884,isa,N0000189939
N0000175824,isa,N0000193874
N0000175824,isa,N0000193886
N0000175824,isa,N0000193894
N0000193874,isa,N0000189939
N0000193886,isa,N0000193888
N0000193888,isa,N0000189939
N0000193894,isa,N0000189939
N0000175825,isa,N0000193874
N0000175825,isa,N0000193886
N0000175825,isa,N0000193894
N0000193874,isa,N0000189939
N0000193886,isa,N0000193888
N0000193888,isa,N0000189939
N0000193894,isa,N0000189939
N0000175826,isa,N0000193886
N0000175826,isa,N0000193887
N0000193886,isa,N0000193888
N0000193887,isa,N0000193888
N0000193888,isa,N0000189939
N0000175827,isa,N0000193894
N0000175827,isa,N0000193905
N0000193894,isa,N0000189939
N0000193905,isa,N0000189939
N0000175828,isa,N0000193874
N0000193874,isa,N0000189939
N0000175831,isa,N0000193908
N0000193908,isa,N0000189939
N0000175602,isa,N0000193874
N0000175602,isa,N0000193894
N0000175832,isa,N0000175602
N0000193874,isa,N0000189939
N0000193894,isa,N0000189939
N0000175835,isa,N0000193908
N0000193908,isa,N0000189939
N0000175836,isa,N0000193897
N0000193897,isa,N0000193898
N0000193898,isa,N0000189939
N0000175837,isa,N0000193894
N0000193894,isa,N0000189939
N0000175838,isa,N0000193874
N0000175838,isa,N0000193894
N0000193874,isa,N0000189939
N0000193894,isa,N0000189939
N0000175839,isa,N0000193887
N0000193887,isa,N0000193888
N0000193888,isa,N0000189939
N0000175840,isa,N0000193886
N0000175840,isa,N0000193905
N0000193886,isa,N0000193888
N0000193888,isa,N0000189939
N0000193905,isa,N0000189939
N0000175841,isa,N0000193887
N0000193887,isa,N0000193888
N0000193888,isa,N0000189939
N0000175842,isa,N0000193894
N0000193894,isa,N0000189939
N0000175843,isa,N0000193884
N0000193884,isa,N0000189939
N0000175845,isa,N0000193897
N0000193897,isa,N0000193898
N0000193898,isa,N0000189939
N0000175846,isa,N0000193894
N0000193894,isa,N0000189939
N0000175847,isa,N0000193894
N0000193894,isa,N0000189939
N0000175848,isa,N0000193911
N0000193906,isa,N0000189939
N0000193911,isa,N0000193906
N0000175849,isa,N0000193874
N0000175849,isa,N0000193877
N0000175849,isa,N0000193894
N0000193874,isa,N0000189939
N0000193877,isa,N0000189939
N0000193894,isa,N0000189939
N0000175854,isa,N0000193897
N0000193897,isa,N0000193898
N0000193898,isa,N0000189939
N0000175864,isa,N0000193875
N0000175864,isa,N0000193908
N0000193875,isa,N0000189939
N0000193908,isa,N0000189939
N0000175866,isa,N0000193875
N0000175866,isa,N0000193895
N0000175866,isa,N0000193908
N0000193875,isa,N0000189939
N0000193895,isa,N0000189939
N0000193908,isa,N0000189939
N0000175872,isa,N0000193908
N0000193908,isa,N0000189939
N0000175874,isa,N0000193881
N0000175874,isa,N0000193894
N0000193879,isa,N0000189939
N0000193881,isa,N0000193882
N0000193882,isa,N0000193879
N0000193894,isa,N0000189939
N0000175875,isa,N0000193881
N0000175875,isa,N0000193894
N0000193879,isa,N0000189939
N0000193881,isa,N0000193882
N0000193882,isa,N0000193879
N0000193894,isa,N0000189939
N0000175877,isa,N0000193894
N0000193894,isa,N0000189939
N0000175879,isa,N0000193894
N0000193894,isa,N0000189939
N0000175881,isa,N0000193894
N0000193894,isa,N0000189939
N0000175882,isa,N0000193894
N0000193894,isa,N0000189939
N0000175883,isa,N0000193886
N0000175883,isa,N0000193910
N0000193886,isa,N0000193888
N0000193888,isa,N0000189939
N0000193905,isa,N0000189939
N0000193910,isa,N0000193905
N0000175884,isa,N0000193886
N0000175884,isa,N0000193905
N0000193886,isa,N0000193888
N0000193888,isa,N0000189939
N0000193905,isa,N0000189939
N0000175885,isa,N0000193885
N0000193885,isa,N0000189939
N0000175886,isa,N0000193895
N0000193895,isa,N0000189939
N0000175887,isa,N0000193883
N0000175887,isa,N0000193897
N0000193879,isa,N0000189939
N0000193882,isa,N0000193879
N0000193883,isa,N0000193882
N0000193897,isa,N0000193898
N0000193898,isa,N0000189939
N0000175889,isa,N0000193883
N0000175889,isa,N0000193897
N0000193879,isa,N0000189939
N0000193882,isa,N0000193879
N0000193883,isa,N0000193882
N0000193897,isa,N0000193898
N0000193898,isa,N0000189939
N0000175895,isa,N0000193901
N0000193901,isa,N0000189939
N0000175896,isa,N0000193908
N0000193908,isa,N0000189939
N0000175898,isa,N0000193894
N0000175898,isa,N0000193908
N0000193894,isa,N0000189939
N0000193908,isa,N0000189939
N0000175900,isa,N0000193893
N0000175900,isa,N0000193897
N0000193893,isa,N0000189939
N0000193897,isa,N0000193898
N0000193898,isa,N0000189939
N0000175901,isa,N0000193877
N0000175901,isa,N0000193894
N0000193877,isa,N0000189939
N0000193894,isa,N0000189939
N0000175902,isa,N0000193886
N0000193886,isa,N0000193888
N0000193888,isa,N0000189939
N0000175429,isa,N0000189939
N0000175903,isa,N0000175429
N0000175904,isa,N0000193874
N0000175904,isa,N0000193894
N0000193874,isa,N0000189939
N0000193894,isa,N0000189939
N0000175905,isa,N0000193874
N0000175905,isa,N0000193894
N0000193874,isa,N0000189939
N0000193894,isa,N0000189939
N0000175907,isa,N0000193874
N0000175907,isa,N0000193877
N0000175907,isa,N0000193894
N0000193874,isa,N0000189939
N0000193877,isa,N0000189939
N0000193894,isa,N0000189939
N0000175908,isa,N0000193874
N0000175908,isa,N0000193877
N0000175908,isa,N0000193894
N0000193874,isa,N0000189939
N0000193877,isa,N0000189939
N0000193894,isa,N0000189939
N0000175909,isa,N0000193877
N0000193877,isa,N0000189939
N0000175911,isa,N0000193893
N0000193893,isa,N0000189939
N0000175889,isa,N0000193883
N0000175889,isa,N0000193897
N0000175913,isa,N0000175889
N0000175913,isa,N0000193891
N0000193879,isa,N0000189939
N0000193882,isa,N0000193879
N0000193883,isa,N0000193882
N0000193891,isa,N0000189939
N0000193897,isa,N0000193898
N0000193898,isa,N0000189939
N0000175916,isa,N0000193901
N0000193901,isa,N0000189939
N0000175918,isa,N0000193897
N0000193897,isa,N0000193898
N0000193898,isa,N0000189939
N0000175928,isa,N0000193897
N0000193897,isa,N0000193898
N0000193898,isa,N0000189939
N0000175930,isa,N0000193897
N0000193897,isa,N0000193898
N0000193898,isa,N0000189939
N0000175482,isa,N0000175485
N0000175485,isa,N0000193882
N0000175934,isa,N0000175482
N0000193879,isa,N0000189939
N0000193882,isa,N0000193879
N0000175877,isa,N0000193894
N0000175935,isa,N0000175877
N0000175935,isa,N0000193882
N0000193879,isa,N0000189939
N0000193882,isa,N0000193879
N0000193894,isa,N0000189939
N0000175936,isa,N0000193882
N0000175936,isa,N0000193894
N0000193879,isa,N0000189939
N0000193882,isa,N0000193879
N0000193894,isa,N0000189939
N0000175937,isa,N0000193882
N0000175937,isa,N0000193894
N0000193879,isa,N0000189939
N0000193882,isa,N0000193879
N0000193894,isa,N0000189939
N0000175882,isa,N0000193894
N0000175938,isa,N0000175882
N0000175938,isa,N0000193880
N0000193879,isa,N0000189939
N0000193880,isa,N0000193882
N0000193882,isa,N0000193879
N0000193894,isa,N0000189939
N0000175939,isa,N0000193897
N0000193897,isa,N0000193898
N0000193898,isa,N0000189939
N0000175940,isa,N0000193893
N0000193893,isa,N0000189939
N0000175941,isa,N0000193874
N0000175941,isa,N0000193894
N0000193874,isa,N0000189939
N0000193894,isa,N0000189939
N0000175942,isa,N0000193874
N0000175942,isa,N0000193894
N0000193874,isa,N0000189939
N0000193894,isa,N0000189939
N0000175429,isa,N0000189939
N0000175944,isa,N0000175429
N0000175944,isa,N0000193874
N0000175944,isa,N0000193891
N0000175944,isa,N0000193894
N0000193874,isa,N0000189939
N0000193891,isa,N0000189939
N0000193894,isa,N0000189939
N0000175945,isa,N0000193874
N0000175945,isa,N0000193894
N0000193874,isa,N0000189939
N0000193894,isa,N0000189939
N0000175946,isa,N0000193874
N0000175946,isa,N0000193894
N0000193874,isa,N0000189939
N0000193894,isa,N0000189939
N0000175949,isa,N0000193874
N0000175949,isa,N0000193894
N0000193874,isa,N0000189939
N0000193894,isa,N0000189939
N0000175950,isa,N0000193877
N0000193877,isa,N0000189939
N0000175951,isa,N0000193877
N0000193877,isa,N0000189939
N0000175952,isa,N0000193874
N0000175952,isa,N0000193877
N0000175952,isa,N0000193894
N0000193874,isa,N0000189939
N0000193877,isa,N0000189939
N0000193894,isa,N0000189939
N0000175956,isa,N0000193897
N0000193897,isa,N0000193898
N0000193898,isa,N0000189939
N0000175958,isa,N0000193884
N0000193884,isa,N0000189939
N0000175429,isa,N0000189939
N0000175961,isa,N0000175429
N0000175473,isa,N0000193908
N0000175963,isa,N0000175473
N0000193908,isa,N0000189939
N0000175966,isa,N0000193901
N0000193901,isa,N0000189939
N0000175973,isa,N0000193886
N0000175973,isa,N0000193901
N0000193886,isa,N0000193888
N0000193888,isa,N0000189939
N0000193901,isa,N0000189939
N0000175980,isa,N0000193901
N0000193901,isa,N0000189939
N0000175983,isa,N0000193901
N0000175983,isa,N0000193908
N0000193901,isa,N0000189939
N0000193908,isa,N0000189939
N0000175984,isa,N0000193908
N0000193908,isa,N0000189939
N0000177910,isa,N0000193874
N0000177910,isa,N0000193886
N0000177910,isa,N0000193894
N0000193874,isa,N0000189939
N0000193886,isa,N0000193888
N0000193888,isa,N0000189939
N0000193894,isa,N0000189939
N0000177913,isa,N0000193877
N0000177913,isa,N0000193894
N0000193877,isa,N0000189939
N0000193894,isa,N0000189939
N0000177914,isa,N0000193875
N0000177914,isa,N0000193895
N0000177914,isa,N0000193908
N0000193875,isa,N0000189939
N0000193895,isa,N0000189939
N0000193908,isa,N0000189939
N0000178326,isa,N0000193901
N0000178326,isa,N0000193902
N0000193901,isa,N0000189939
N0000193902,isa,N0000189939
N0000175429,isa,N0000189939
N0000178369,isa,N0000175429
N0000178372,isa,N0000193900
N0000193900,isa,N0000189939
N0000178374,isa,N0000193900
N0000193900,isa,N0000189939
N0000178375,isa,N0000193886
N0000178375,isa,N0000193893
N0000193886,isa,N0000193888
N0000193888,isa,N0000189939
N0000193893,isa,N0000189939
N0000178376,isa,N0000193887
N0000178376,isa,N0000193893
N0000193887,isa,N0000193888
N0000193888,isa,N0000189939
N0000193893,isa,N0000189939
N0000178378,isa,N0000193908
N0000193908,isa,N0000189939
N0000178480,isa,N0000193886
N0000178480,isa,N0000193891
N0000193886,isa,N0000193888
N0000193888,isa,N0000189939
N0000193891,isa,N0000189939
N0000180182,isa,N0000193905
N0000193905,isa,N0000189939
N0000180183,isa,N0000193894
N0000193894,isa,N0000189939
N0000180184,isa,N0000193875
N0000180184,isa,N0000193908
N0000193875,isa,N0000189939
N0000193908,isa,N0000189939
N0000180185,isa,N0000193875
N0000180185,isa,N0000193908
N0000193875,isa,N0000189939
N0000193908,isa,N0000189939
N0000180186,isa,N0000193886
N0000193886,isa,N0000193888
N0000193888,isa,N0000189939
N0000175466,isa,N0000193883
N0000180187,isa,N0000175466
N0000180187,isa,N0000193907
N0000193879,isa,N0000189939
N0000193882,isa,N0000193879
N0000193883,isa,N0000193882
N0000193897,isa,N0000193898
N0000193898,isa,N0000189939
N0000193906,isa,N0000189939
N0000193907,isa,N0000193897
N0000193907,isa,N0000193906
N0000175466,isa,N0000193883
N0000180188,isa,N0000175466
N0000180188,isa,N0000193907
N0000193879,isa,N0000189939
N0000193882,isa,N0000193879
N0000193883,isa,N0000193882
N0000193897,isa,N0000193898
N0000193898,isa,N0000189939
N0000193906,isa,N0000189939
N0000193907,isa,N0000193897
N0000193907,isa,N0000193906
N0000180189,isa,N0000193886
N0000193886,isa,N0000193888
N0000193888,isa,N0000189939
N0000180190,isa,N0000193891
N0000180190,isa,N0000193894
N0000193891,isa,N0000189939
N0000193894,isa,N0000189939
N0000175429,isa,N0000189939
N0000180191,isa,N0000175429
N0000180191,isa,N0000193877
N0000193877,isa,N0000189939
N0000180292,isa,N0000193893
N0000180292,isa,N0000193908
N0000193893,isa,N0000189939
N0000193908,isa,N0000189939
N0000180850,isa,N0000193894
N0000193894,isa,N0000189939
N0000180851,isa,N0000193874
N0000180851,isa,N0000193894
N0000193874,isa,N0000189939
N0000193894,isa,N0000189939
N0000180852,isa,N0000193874
N0000180852,isa,N0000193894
N0000193874,isa,N0000189939
N0000193894,isa,N0000189939
N0000180853,isa,N0000193907
N0000193897,isa,N0000193898
N0000193898,isa,N0000189939
N0000193906,isa,N0000189939
N0000193907,isa,N0000193897
N0000193907,isa,N0000193906
N0000180854,isa,N0000193900
N0000193900,isa,N0000189939
N0000180855,isa,N0000193894
N0000180855,isa,N0000193905
N0000193894,isa,N0000189939
N0000193905,isa,N0000189939
N0000175484,isa,N0000193882
N0000181811,isa,N0000175484
N0000193879,isa,N0000189939
N0000193882,isa,N0000193879
N0000181816,isa,N0000193888
N0000181816,isa,N0000193902
N0000193888,isa,N0000189939
N0000193902,isa,N0000189939
N0000181821,isa,N0000193887
N0000181821,isa,N0000193904
N0000193887,isa,N0000193888
N0000193888,isa,N0000189939
N0000193904,isa,N0000189939
N0000182135,isa,N0000193897
N0000193897,isa,N0000193898
N0000193898,isa,N0000189939
N0000182142,isa,N0000193887
N0000193887,isa,N0000193888
N0000193888,isa,N0000189939
N0000182144,isa,N0000193874
N0000182144,isa,N0000193894
N0000193874,isa,N0000189939
N0000193894,isa,N0000189939
N0000182149,isa,N0000193886
N0000182149,isa,N0000193905
N0000193886,isa,N0000193888
N0000193888,isa,N0000189939
N0000193905,isa,N0000189939
N0000182159,isa,N0000193902
N0000193902,isa,N0000189939
N0000182633,isa,N0000193897
N0000193897,isa,N0000193898
N0000193898,isa,N0000189939
N0000182635,isa,N0000193872
N0000193872,isa,N0000189939
N0000182637,isa,N0000193902
N0000193902,isa,N0000189939
N0000175889,isa,N0000193883
N0000175889,isa,N0000193897
N0000182639,isa,N0000175889
N0000193879,isa,N0000189939
N0000193882,isa,N0000193879
N0000193883,isa,N0000193882
N0000193897,isa,N0000193898
N0000193898,isa,N0000189939
N0000182830,isa,N0000193902
N0000193902,isa,N0000189939
N0000182961,isa,N0000193897
N0000193897,isa,N0000193898
N0000193898,isa,N0000189939
N0000182965,isa,N0000193887
N0000193887,isa,N0000193888
N0000193888,isa,N0000189939
N0000182967,isa,N0000193872
N0000182967,isa,N0000193902
N0000193872,isa,N0000189939
N0000193902,isa,N0000189939
N0000175759,isa,N0000193886
N0000175759,isa,N0000193904
N0000183360,isa,N0000175759
N0000193886,isa,N0000193888
N0000193888,isa,N0000189939
N0000193904,isa,N0000189939
N0000183362,isa,N0000193875
N0000183362,isa,N0000193908
N0000193875,isa,N0000189939
N0000193908,isa,N0000189939
N0000183887,isa,N0000193912
N0000193912,isa,N0000189939
N0000183888,isa,N0000193912
N0000193912,isa,N0000189939
N0000183889,isa,N0000193912
N0000193912,isa,N0000189939
N0000183890,isa,N0000193912
N0000193912,isa,N0000189939
N0000183891,isa,N0000193912
N0000193912,isa,N0000189939
N0000183892,isa,N0000193912
N0000193912,isa,N0000189939
N0000183893,isa,N0000193912
N0000193912,isa,N0000189939
N0000183894,isa,N0000193912
N0000193912,isa,N0000189939
N0000183895,isa,N0000193912
N0000193912,isa,N0000189939
N0000183896,isa,N0000193912
N0000193912,isa,N0000189939
N0000183897,isa,N0000193912
N0000193912,isa,N0000189939
N0000183898,isa,N0000193912
N0000193912,isa,N0000189939
N0000183899,isa,N0000193912
N0000193912,isa,N0000189939
N0000183900,isa,N0000193912
N0000193912,isa,N0000189939
N0000183901,isa,N0000193912
N0000193912,isa,N0000189939
N0000183903,isa,N0000193912
N0000193912,isa,N0000189939
N0000183904,isa,N0000193912
N0000193912,isa,N0000189939
N0000183905,isa,N0000193912
N0000193912,isa,N0000189939
N0000183906,isa,N0000193902
N0000193902,isa,N0000189939
N0000183907,isa,N0000193912
N0000193912,isa,N0000189939
N0000183908,isa,N0000193912
N0000193912,isa,N0000189939
N0000183909,isa,N0000193912
N0000193912,isa,N0000189939
N0000183910,isa,N0000193912
N0000193912,isa,N0000189939
N0000183911,isa,N0000193912
N0000193912,isa,N0000189939
N0000183912,isa,N0000193912
N0000193912,isa,N0000189939
N0000183913,isa,N0000193912
N0000193912,isa,N0000189939
N0000183914,isa,N0000193912
N0000193912,isa,N0000189939
N0000183916,isa,N0000193912
N0000193912,isa,N0000189939
N0000183917,isa,N0000193912
N0000193912,isa,N0000189939
N0000183918,isa,N0000193912
N0000193912,isa,N0000189939
N0000184013,isa,N0000193884
N0000193884,isa,N0000189939
N0000184014,isa,N0000193894
N0000193894,isa,N0000189939
N0000184015,isa,N0000189939
N0000184144,isa,N0000193896
N0000193896,isa,N0000193898
N0000193898,isa,N0000189939
N0000184146,isa,N0000193904
N0000184146,isa,N0000193909
N0000193904,isa,N0000189939
N0000193909,isa,N0000189939
N0000184149,isa,N0000193887
N0000193887,isa,N0000193888
N0000193888,isa,N0000189939
N0000175429,isa,N0000189939
N0000184162,isa,N0000175429
N0000184162,isa,N0000193872
N0000193872,isa,N0000189939
N0000184163,isa,N0000193872
N0000184163,isa,N0000193894
N0000184163,isa,N0000193902
N0000193872,isa,N0000189939
N0000193894,isa,N0000189939
N0000193902,isa,N0000189939
N0000184164,isa,N0000193872
N0000184164,isa,N0000193894
N0000184164,isa,N0000193902
N0000193872,isa,N0000189939
N0000193894,isa,N0000189939
N0000193902,isa,N0000189939
N0000184163,isa,N0000193872
N0000184163,isa,N0000193894
N0000184163,isa,N0000193902
N0000184164,isa,N0000193872
N0000184164,isa,N0000193894
N0000184164,isa,N0000193902
N0000184165,isa,N0000184163
N0000184165,isa,N0000184164
N0000193872,isa,N0000189939
N0000193894,isa,N0000189939
N0000193902,isa,N0000189939
N0000184166,isa,N0000193901
N0000193901,isa,N0000189939
N0000184167,isa,N0000193901
N0000193901,isa,N0000189939
N0000184168,isa,N0000193901
N0000193901,isa,N0000189939
N0000184169,isa,N0000193901
N0000193901,isa,N0000189939
N0000175889,isa,N0000193883
N0000175889,isa,N0000193897
N0000184170,isa,N0000175889
N0000184170,isa,N0000193901
N0000193879,isa,N0000189939
N0000193882,isa,N0000193879
N0000193883,isa,N0000193882
N0000193897,isa,N0000193898
N0000193898,isa,N0000189939
N0000193901,isa,N0000189939
N0000175889,isa,N0000193883
N0000175889,isa,N0000193897
N0000184171,isa,N0000175889
N0000193879,isa,N0000189939
N0000193882,isa,N0000193879
N0000193883,isa,N0000193882
N0000193897,isa,N0000193898
N0000193898,isa,N0000189939
N0000175889,isa,N0000193883
N0000175889,isa,N0000193897
N0000184172,isa,N0000175889
N0000193879,isa,N0000189939
N0000193882,isa,N0000193879
N0000193883,isa,N0000193882
N0000193897,isa,N0000193898
N0000193898,isa,N0000189939
N0000184174,isa,N0000193894
N0000184174,isa,N0000193901
N0000184174,isa,N0000193908
N0000193894,isa,N0000189939
N0000193901,isa,N0000189939
N0000193908,isa,N0000189939
N0000184175,isa,N0000193893
N0000184175,isa,N0000193901
N0000184175,isa,N0000193908
N0000193893,isa,N0000189939
N0000193901,isa,N0000189939
N0000193908,isa,N0000189939
N0000184315,isa,N0000184316
N0000184316,isa,N0000193895
N0000193895,isa,N0000189939
N0000184316,isa,N0000193895
N0000193895,isa,N0000189939
N0000184318,isa,N0000189939
N0000184319,isa,N0000189939
N0000184997,isa,N0000193902
N0000193902,isa,N0000189939
N0000185003,isa,N0000193899
N0000193889,isa,N0000189939
N0000193890,isa,N0000193889
N0000193899,isa,N0000193890
N0000185004,isa,N0000193899
N0000193889,isa,N0000189939
N0000193890,isa,N0000193889
N0000193899,isa,N0000193890
N0000185005,isa,N0000193899
N0000193889,isa,N0000189939
N0000193890,isa,N0000193889
N0000193899,isa,N0000193890
N0000185006,isa,N0000193890
N0000193889,isa,N0000189939
N0000193890,isa,N0000193889
N0000175555,isa,N0000175883
N0000175883,isa,N0000193886
N0000175883,isa,N0000193910
N0000185008,isa,N0000175555
N0000193886,isa,N0000193888
N0000193888,isa,N0000189939
N0000193905,isa,N0000189939
N0000193910,isa,N0000193905
N0000185010,isa,N0000193886
N0000185010,isa,N0000193905
N0000193886,isa,N0000193888
N0000193888,isa,N0000189939
N0000193905,isa,N0000189939
N0000185005,isa,N0000193899
N0000185021,isa,N0000185005
N0000193889,isa,N0000189939
N0000193890,isa,N0000193889
N0000193899,isa,N0000193890
N0000185363,isa,N0000193899
N0000193889,isa,N0000189939
N0000193890,isa,N0000193889
N0000193899,isa,N0000193890
N0000185364,isa,N0000193899
N0000193889,isa,N0000189939
N0000193890,isa,N0000193889
N0000193899,isa,N0000193890
N0000185365,isa,N0000193899
N0000193889,isa,N0000189939
N0000193890,isa,N0000193889
N0000193899,isa,N0000193890
N0000185365,isa,N0000193899
N0000185366,isa,N0000185365
N0000193889,isa,N0000189939
N0000193890,isa,N0000193889
N0000193899,isa,N0000193890
N0000185367,isa,N0000193890
N0000193889,isa,N0000189939
N0000193890,isa,N0000193889
N0000185368,isa,N0000193899
N0000193889,isa,N0000189939
N0000193890,isa,N0000193889
N0000193899,isa,N0000193890
N0000185369,isa,N0000193890
N0000193889,isa,N0000189939
N0000193890,isa,N0000193889
N0000185370,isa,N0000193889
N0000193889,isa,N0000189939
N0000185371,isa,N0000193890
N0000193889,isa,N0000189939
N0000193890,isa,N0000193889
N0000185372,isa,N0000193890
N0000193889,isa,N0000189939
N0000193890,isa,N0000193889
N0000185373,isa,N0000193899
N0000193889,isa,N0000189939
N0000193890,isa,N0000193889
N0000193899,isa,N0000193890
N0000185374,isa,N0000193890
N0000193889,isa,N0000189939
N0000193890,isa,N0000193889
N0000185375,isa,N0000193899
N0000193889,isa,N0000189939
N0000193890,isa,N0000193889
N0000193899,isa,N0000193890
N0000185375,isa,N0000193899
N0000185376,isa,N0000185375
N0000193889,isa,N0000189939
N0000193890,isa,N0000193889
N0000193899,isa,N0000193890
N0000185500,isa,N0000193896
N0000185500,isa,N0000193900
N0000193896,isa,N0000193898
N0000193898,isa,N0000189939
N0000193900,isa,N0000189939
N0000185502,isa,N0000193902
N0000185502,isa,N0000193907
N0000193897,isa,N0000193898
N0000193898,isa,N0000189939
N0000193902,isa,N0000189939
N0000193906,isa,N0000189939
N0000193907,isa,N0000193897
N0000193907,isa,N0000193906
N0000185508,isa,N0000193889
N0000193889,isa,N0000189939
N0000175552,isa,N0000175883
N0000175883,isa,N0000193886
N0000175883,isa,N0000193910
N0000186105,isa,N0000175552
N0000193886,isa,N0000193888
N0000193888,isa,N0000189939
N0000193905,isa,N0000189939
N0000193910,isa,N0000193905
N0000186106,isa,N0000193887
N0000186106,isa,N0000193904
N0000193887,isa,N0000193888
N0000193888,isa,N0000189939
N0000193904,isa,N0000189939
N0000175483,isa,N0000193880
N0000186775,isa,N0000175483
N0000186775,isa,N0000193894
N0000193879,isa,N0000189939
N0000193880,isa,N0000193882
N0000193882,isa,N0000193879
N0000193894,isa,N0000189939
N0000186779,isa,N0000193893
N0000193893,isa,N0000189939
N0000187051,isa,N0000193908
N0000193908,isa,N0000189939
N0000175872,isa,N0000193908
N0000187053,isa,N0000175872
N0000193908,isa,N0000189939
N0000187055,isa,N0000193888
N0000193888,isa,N0000189939
N0000187059,isa,N0000193891
N0000193891,isa,N0000189939
N0000190119,isa,N0000193887
N0000193887,isa,N0000193888
N0000193888,isa,N0000189939
N0000190480,isa,N0000193887
N0000190480,isa,N0000193903
N0000193887,isa,N0000193888
N0000193888,isa,N0000189939
N0000193902,isa,N0000189939
N0000193903,isa,N0000193902
N0000190483,isa,N0000193896
N0000193896,isa,N0000193898
N0000193898,isa,N0000189939
N0000175940,isa,N0000193893
N0000190485,isa,N0000175940
N0000190485,isa,N0000193896
N0000193893,isa,N0000189939
N0000193896,isa,N0000193898
N0000193898,isa,N0000189939
N0000175484,isa,N0000193882
N0000190851,isa,N0000175484
N0000193879,isa,N0000189939
N0000193882,isa,N0000193879
N0000190852,isa,N0000193891
N0000193891,isa,N0000189939
N0000190853,isa,N0000193900
N0000193900,isa,N0000189939
N0000190854,isa,N0000193874
N0000190854,isa,N0000193894
N0000193874,isa,N0000189939
N0000193894,isa,N0000189939
N0000190856,isa,N0000193905
N0000193905,isa,N0000189939
N0000175605,isa,N0000193897
N0000190858,isa,N0000175605
N0000193897,isa,N0000193898
N0000193898,isa,N0000189939
N0000190992,isa,N0000193874
N0000190992,isa,N0000193886
N0000190992,isa,N0000193894
N0000193874,isa,N0000189939
N0000193886,isa,N0000193888
N0000193888,isa,N0000189939
N0000193894,isa,N0000189939
N0000175578,isa,N0000193901
N0000190996,isa,N0000175578
N0000190996,isa,N0000193887
N0000193887,isa,N0000193888
N0000193888,isa,N0000189939
N0000193901,isa,N0000189939
N0000191000,isa,N0000193887
N0000193887,isa,N0000193888
N0000193888,isa,N0000189939
N0000191001,isa,N0000193897
N0000193897,isa,N0000193898
N0000193898,isa,N0000189939
N0000191006,isa,N0000193888
N0000191006,isa,N0000193903
N0000193888,isa,N0000189939
N0000193902,isa,N0000189939
N0000193903,isa,N0000193902
N0000175605,isa,N0000193897
N0000191009,isa,N0000175605
N0000193897,isa,N0000193898
N0000193898,isa,N0000189939
N0000191256,isa,N0000193883
N0000193879,isa,N0000189939
N0000193882,isa,N0000193879
N0000193883,isa,N0000193882
N0000191257,isa,N0000193907
N0000193897,isa,N0000193898
N0000193898,isa,N0000189939
N0000193906,isa,N0000189939
N0000193907,isa,N0000193897
N0000193907,isa,N0000193906
N0000191260,isa,N0000193872
N0000191260,isa,N0000193902
N0000193872,isa,N0000189939
N0000193902,isa,N0000189939
N0000191261,isa,N0000189939
N0000191263,isa,N0000193886
N0000191263,isa,N0000193887
N0000193886,isa,N0000193888
N0000193887,isa,N0000193888
N0000193888,isa,N0000189939
N0000191279,isa,N0000193894
N0000191279,isa,N0000193897
N0000193894,isa,N0000189939
N0000193897,isa,N0000193898
N0000193898,isa,N0000189939
N0000191281,isa,N0000193880
N0000191281,isa,N0000193894
N0000193879,isa,N0000189939
N0000193880,isa,N0000193882
N0000193882,isa,N0000193879
N0000193894,isa,N0000189939
N0000191420,isa,N0000193894
N0000193894,isa,N0000189939
N0000191421,isa,N0000193888
N0000193888,isa,N0000189939
N0000191493,isa,N0000193907
N0000193897,isa,N0000193898
N0000193898,isa,N0000189939
N0000193906,isa,N0000189939
N0000193907,isa,N0000193897
N0000193907,isa,N0000193906
N0000191495,isa,N0000193888
N0000191495,isa,N0000193903
N0000193888,isa,N0000189939
N0000193902,isa,N0000189939
N0000193903,isa,N0000193902
N0000191500,isa,N0000193872
N0000193872,isa,N0000189939
N0000191544,isa,N0000193904
N0000193904,isa,N0000189939
N0000191548,isa,N0000189939
N0000191621,isa,N0000193884
N0000191621,isa,N0000193900
N0000193884,isa,N0000189939
N0000193900,isa,N0000189939
N0000191623,isa,N0000193897
N0000193897,isa,N0000193898
N0000193898,isa,N0000189939
N0000191625,isa,N0000193894
N0000191625,isa,N0000193902
N0000193894,isa,N0000189939
N0000193902,isa,N0000189939
N0000191626,isa,N0000193894
N0000191626,isa,N0000193906
N0000193894,isa,N0000189939
N0000193906,isa,N0000189939
N0000191627,isa,N0000193893
N0000193893,isa,N0000189939
N0000175889,isa,N0000193883
N0000175889,isa,N0000193897
N0000191728,isa,N0000175889
N0000191728,isa,N0000193893
N0000193879,isa,N0000189939
N0000193882,isa,N0000193879
N0000193883,isa,N0000193882
N0000193893,isa,N0000189939
N0000193897,isa,N0000193898
N0000193898,isa,N0000189939
N0000175889,isa,N0000193883
N0000175889,isa,N0000193897
N0000191731,isa,N0000175889
N0000193879,isa,N0000189939
N0000193882,isa,N0000193879
N0000193883,isa,N0000193882
N0000193897,isa,N0000193898
N0000193898,isa,N0000189939
N0000191809,isa,N0000193906
N0000193906,isa,N0000189939
N0000191865,isa,N0000193884
N0000193884,isa,N0000189939
N0000191867,isa,N0000193886
N0000193886,isa,N0000193888
N0000193888,isa,N0000189939
N0000191870,isa,N0000193897
N0000193897,isa,N0000193898
N0000193898,isa,N0000189939
N0000191872,isa,N0000193888
N0000191872,isa,N0000193903
N0000193888,isa,N0000189939
N0000193902,isa,N0000189939
N0000193903,isa,N0000193902
N0000191873,isa,N0000193872
N0000191873,isa,N0000193894
N0000193872,isa,N0000189939
N0000193894,isa,N0000189939
N0000192336,isa,N0000193872
N0000193872,isa,N0000189939
N0000192338,isa,N0000193872
N0000192338,isa,N0000193902
N0000193872,isa,N0000189939
N0000193902,isa,N0000189939
N0000192339,isa,N0000193886
N0000193886,isa,N0000193888
N0000193888,isa,N0000189939
N0000192341,isa,N0000189939
N0000192342,isa,N0000193884
N0000193884,isa,N0000189939
N0000192343,isa,N0000193884
N0000193884,isa,N0000189939
N0000192515,isa,N0000193902
N0000193902,isa,N0000189939
N0000192516,isa,N0000193908
N0000193908,isa,N0000189939
N0000192561,isa,N0000193886
N0000193886,isa,N0000193888
N0000193888,isa,N0000189939
N0000192562,isa,N0000193893
N0000193893,isa,N0000189939
N0000192563,isa,N0000193910
N0000193905,isa,N0000189939
N0000193910,isa,N0000193905
N0000175775,isa,N0000193887
N0000192701,isa,N0000175775
N0000193887,isa,N0000193888
N0000193888,isa,N0000189939
N0000192703,isa,N0000193872
N0000193872,isa,N0000189939
N0000175889,isa,N0000193883
N0000175889,isa,N0000193897
N0000192750,isa,N0000175889
N0000193879,isa,N0000189939
N0000193882,isa,N0000193879
N0000193883,isa,N0000193882
N0000193897,isa,N0000193898
N0000193898,isa,N0000189939
N0000192795,isa,N0000193904
N0000193904,isa,N0000189939
N0000192797,isa,N0000193888
N0000192797,isa,N0000193903
N0000193888,isa,N0000189939
N0000193902,isa,N0000189939
N0000193903,isa,N0000193902
N0000192799,isa,N0000193888
N0000192799,isa,N0000193903
N0000193888,isa,N0000189939
N0000193902,isa,N0000189939
N0000193903,isa,N0000193902
N0000175429,isa,N0000189939
N0000192800,isa,N0000175429
N0000192800,isa,N0000193877
N0000193877,isa,N0000189939
N0000175429,isa,N0000189939
N0000192801,isa,N0000175429
N0000192801,isa,N0000193908
N0000193908,isa,N0000189939
N0000178376,isa,N0000193887
N0000178376,isa,N0000193893
N0000193181,isa,N0000178376
N0000193887,isa,N0000193888
N0000193888,isa,N0000189939
N0000193893,isa,N0000189939
N0000175780,isa,N0000193894
N0000193220,isa,N0000175780
N0000193894,isa,N0000189939
N0000193222,isa,N0000193906
N0000193906,isa,N0000189939
N0000175432,isa,N0000193880
N0000175432,isa,N0000193894
N0000193223,isa,N0000175432
N0000193223,isa,N0000193894
N0000193879,isa,N0000189939
N0000193880,isa,N0000193882
N0000193882,isa,N0000193879
N0000193894,isa,N0000189939
N0000193276,isa,N0000193887
N0000193276,isa,N0000193903
N0000193887,isa,N0000193888
N0000193888,isa,N0000189939
N0000193902,isa,N0000189939
N0000193903,isa,N0000193902
N0000193303,isa,N0000193897
N0000193897,isa,N0000193898
N0000193898,isa,N0000189939
N0000193338,isa,N0000193902
N0000193902,isa,N0000189939
N0000193342,isa,N0000193887
N0000193342,isa,N0000193903
N0000193887,isa,N0000193888
N0000193888,isa,N0000189939
N0000193902,isa,N0000189939
N0000193903,isa,N0000193902
N0000193414,isa,N0000193884
N0000193884,isa,N0000189939
N0000193453,isa,N0000193874
N0000193453,isa,N0000193894
N0000193874,isa,N0000189939
N0000193894,isa,N0000189939
N0000193543,isa,N0000193887
N0000193887,isa,N0000193888
N0000193888,isa,N0000189939
N0000193546,isa,N0000193902
N0000193902,isa,N0000189939
N0000193549,isa,N0000193902
N0000193902,isa,N0000189939
N0000193615,isa,N0000193897
N0000193897,isa,N0000193898
N0000193898,isa,N0000189939
N0000193617,isa,N0000193872
N0000193617,isa,N0000193902
N0000193872,isa,N0000189939
N0000193902,isa,N0000189939
N0000193618,isa,N0000193877
N0000193877,isa,N0000189939
N0000193785,isa,N0000193886
N0000193886,isa,N0000193888
N0000193888,isa,N0000189939
N0000175605,isa,N0000193897
N0000193788,isa,N0000175605
N0000193897,isa,N0000193898
N0000193898,isa,N0000189939
N0000193790,isa,N0000189939
N0000193800,isa,N0000193907
N0000193897,isa,N0000193898
N0000193898,isa,N0000189939
N0000193906,isa,N0000189939
N0000193907,isa,N0000193897
N0000193907,isa,N0000193906
N0000193803,isa,N0000193872
N0000193872,isa,N0000189939
N0000193804,isa,N0000193884
N0000193884,isa,N0000189939
N0000193806,isa,N0000193902
N0000193902,isa,N0000189939
N0000175616,isa,N0000193883
N0000193808,isa,N0000175616
N0000193879,isa,N0000189939
N0000193882,isa,N0000193879
N0000193883,isa,N0000193882
N0000193848,isa,N0000193906
N0000193906,isa,N0000189939
N0000191626,isa,N0000193894
N0000191626,isa,N0000193906
N0000193849,isa,N0000191626
N0000193894,isa,N0000189939
N0000193906,isa,N0000189939
N0000193852,isa,N0000193897
N0000193897,isa,N0000193898
N0000193898,isa,N0000189939
N0000193854,isa,N0000193885
N0000193885,isa,N0000189939
N0000193856,isa,N0000193902
N0000193902,isa,N0000189939
N0000193857,isa,N0000193883
N0000193879,isa,N0000189939
N0000193882,isa,N0000193879
N0000193883,isa,N0000193882
N0000193858,isa,N0000193884
N0000193884,isa,N0000189939
N0000193862,isa,N0000189939
N0000193863,isa,N0000193902
N0000193902,isa,N0000189939
N0000193864,isa,N0000193888
N0000193888,isa,N0000189939
N0000193866,isa,N0000193888
N0000193888,isa,N0000189939
N0000193871,isa,N0000193886
N0000193886,isa,N0000193888
N0000193888,isa,N0000189939
N0000193872,isa,N0000189939
N0000193873,isa,N0000189939
N0000193874,isa,N0000189939
N0000193875,isa,N0000189939
N0000193877,isa,N0000189939
N0000193878,isa,N0000189939
N0000193879,isa,N0000189939
N0000193879,isa,N0000189939
N0000193880,isa,N0000193882
N0000193882,isa,N0000193879
N0000193879,isa,N0000189939
N0000193881,isa,N0000193882
N0000193882,isa,N0000193879
N0000193879,isa,N0000189939
N0000193882,isa,N0000193879
N0000193879,isa,N0000189939
N0000193882,isa,N0000193879
N0000193883,isa,N0000193882
N0000193884,isa,N0000189939
N0000193885,isa,N0000189939
N0000193886,isa,N0000193888
N0000193888,isa,N0000189939
N0000193887,isa,N0000193888
N0000193888,isa,N0000189939
N0000193888,isa,N0000189939
N0000193889,isa,N0000189939
N0000193889,isa,N0000189939
N0000193890,isa,N0000193889
N0000193891,isa,N0000189939
N0000193892,isa,N0000193893
N0000193892,isa,N0000193904
N0000193893,isa,N0000189939
N0000193904,isa,N0000189939
N0000193893,isa,N0000189939
N0000193894,isa,N0000189939
N0000193895,isa,N0000189939
N0000193896,isa,N0000193898
N0000193898,isa,N0000189939
N0000193897,isa,N0000193898
N0000193898,isa,N0000189939
N0000193898,isa,N0000189939
N0000193889,isa,N0000189939
N0000193890,isa,N0000193889
N0000193899,isa,N0000193890
N0000193900,isa,N0000189939
N0000193901,isa,N0000189939
N0000193902,isa,N0000189939
N0000193902,isa,N0000189939
N0000193903,isa,N0000193902
N0000193904,isa,N0000189939
N0000193905,isa,N0000189939
N0000193906,isa,N0000189939
N0000193897,isa,N0000193898
N0000193898,isa,N0000189939
N0000193906,isa,N0000189939
N0000193907,isa,N0000193897
N0000193907,isa,N0000193906
N0000193908,isa,N0000189939
N0000193909,isa,N0000189939
N0000193905,isa,N0000189939
N0000193910,isa,N0000193905
N0000193906,isa,N0000189939
N0000193911,isa,N0000193906
N0000193912,isa,N0000189939
N0000193897,isa,N0000193898
N0000193898,isa,N0000189939
N0000193913,isa,N0000193897
N0000193893,isa,N0000189939
N0000193915,isa,N0000193893
N0000193887,isa,N0000193888
N0000193888,isa,N0000189939
N0000193917,isa,N0000193887
N0000193894,isa,N0000189939
N0000193919,isa,N0000193894
N0000193887,isa,N0000193888
N0000193888,isa,N0000189939
N0000193926,isa,N0000193887
N0000193897,isa,N0000193898
N0000193898,isa,N0000189939
N0000193930,isa,N0000193897
N0000193897,isa,N0000193898
N0000193898,isa,N0000189939
N0000193935,isa,N0000193897
N0000193897,isa,N0000193898
N0000193898,isa,N0000189939
N0000193938,isa,N0000193897
N0000193886,isa,N0000193888
N0000193888,isa,N0000189939
N0000193940,isa,N0000193886
N0000193897,isa,N0000193898
N0000193898,isa,N0000189939
N0000193906,isa,N0000189939
N0000193907,isa,N0000193897
N0000193907,isa,N0000193906
N0000193946,isa,N0000193907
N0000193897,isa,N0000193898
N0000193898,isa,N0000189939
N0000193906,isa,N0000189939
N0000193907,isa,N0000193897
N0000193907,isa,N0000193906
N0000193946,isa,N0000193907
N0000193948,isa,N0000193946
N0000193894,isa,N0000189939
N0000193949,isa,N0000193894
N0000193872,isa,N0000189939
N0000193951,isa,N0000193872
N0000193888,isa,N0000189939
N0000193952,isa,N0000193888
N0000193909,isa,N0000189939
N0000193956,isa,N0000193909
N0000193900,isa,N0000189939
N0000193957,isa,N0000193900
N0000193904,isa,N0000189939
N0000193962,isa,N0000193904
N0000193893,isa,N0000189939
N0000193963,isa,N0000193893
N0000193879,isa,N0000189939
N0000193881,isa,N0000193882
N0000193882,isa,N0000193879
N0000193966,isa,N0000193881
N0000193888,isa,N0000189939
N0000193967,isa,N0000193888
N0000193887,isa,N0000193888
N0000193888,isa,N0000189939
N0000193969,isa,N0000193887
N0000193887,isa,N0000193888
N0000193888,isa,N0000189939
N0000193969,isa,N0000193887
N0000193970,isa,N0000193969
N0000193971,isa,N0000189939
N0000193887,isa,N0000193888
N0000193888,isa,N0000189939
N0000193973,isa,N0000193887
N0000175605,isa,N0000193897
N0000193879,isa,N0000189939
N0000193882,isa,N0000193879
N0000193883,isa,N0000193882
N0000193897,isa,N0000193898
N0000193898,isa,N0000189939
N0000193976,isa,N0000175605
N0000193976,isa,N0000193883
N0000193874,isa,N0000189939
N0000193894,isa,N0000189939
N0000193980,isa,N0000193874
N0000193980,isa,N0000193894
N0000175521,isa,N0000193894
N0000175521,isa,N0000193902
N0000193894,isa,N0000189939
N0000193902,isa,N0000189939
N0000193982,isa,N0000175521
N0000180185,isa,N0000193875
N0000180185,isa,N0000193908
N0000193875,isa,N0000189939
N0000193908,isa,N0000189939
N0000193983,isa,N0000180185
