ancestor_concept_code,descendant_concept_code,level_of_separation
D020228,D020228,0
D020228,D045505,1
D020228,D012102,2
D020228,D000019,3
D020228,D000020,4
D045505,D045505,0
D045505,D012102,1
D045505,D000019,2
D045505,D000020,3
D012102,D012102,0
D012102,D000019,1
D012102,D000020,2
D000019,D000019,0
D000019,D000020,1
D000020,D000020,0
D020228,D000021,4
D045505,D000021,3
D012102,D000021,2
D000019,D000021,1
D000021,D000021,0
D020228,D003270,3
D020228,D000080066,4
D020228,D003278,5
D045505,D003270,2
D045505,D000080066,3
D045505,D003278,4
D012102,D003270,1
D012102,D000080066,2
D012102,D003278,3
D003270,D003270,0
D003270,D000080066,1
D003270,D003278,2
D000080066,D000080066,0
D000080066,D003278,1
D003278,D003278,0
D020228,D003282,5
D045505,D003282,4
D012102,D003282,3
D003270,D003282,2
D000080066,D003282,1
D003282,D003282,0
D020228,D008186,5
D045505,D008186,4
D012102,D008186,3
D003270,D008186,2
D000080066,D008186,1
D008186,D008186,0
D020228,D008600,5
D045505,D008600,4
D012102,D008600,3
D003270,D008600,2
D000080066,D008600,1
D008600,D008600,0
D020228,D003271,4
D020228,D003276,5
D020228,D003278,6
D045505,D003271,3
D045505,D003276,4
D045505,D003278,5
D012102,D003271,2
D012102,D003276,3
D012102,D003278,4
D003270,D003271,1
D003270,D003276,2
D003270,D003278,3
D003271,D003271,0
D003271,D003276,1
D003271,D003278,2
D003276,D003276,0
D003276,D003278,1
D020228,D003279,6
D045505,D003279,5
D012102,D003279,4
D003270,D003279,3
D003271,D003279,2
D003276,D003279,1
D003279,D003279,0
D020228,D003280,6
D045505,D003280,5
D012102,D003280,4
D003270,D003280,3
D003271,D003280,2
D003276,D003280,1
D003280,D003280,0
D020228,D003281,5
D020228,D003282,6
D045505,D003281,4
D045505,D003282,5
D012102,D003281,3
D012102,D003282,4
D003270,D003281,2
D003270,D003282,3
D003271,D003281,1
D003271,D003282,2
D003281,D003281,0
D003281,D003282,1
D020228,D003283,6
D045505,D003283,5
D012102,D003283,4
D003270,D003283,3
D003271,D003283,2
D003281,D003283,1
D003283,D003283,0
D003271,D008186,1
D003271,D008600,1
D020228,D003272,4
D045505,D003272,3
D012102,D003272,2
D003270,D003272,1
D003272,D003272,0
D020228,D005299,3
D020228,D005300,4
D045505,D005299,2
D045505,D005300,3
D012102,D005299,1
D012102,D005300,2
D005299,D005299,0
D005299,D005300,1
D005300,D005300,0
D020228,D005303,4
D045505,D005303,3
D012102,D005303,2
D005299,D005303,1
D005303,D005303,0
D020228,D008186,3
D045505,D008186,2
D012102,D008186,1
D020228,D008600,3
D045505,D008600,2
D012102,D008600,1
D020228,D010120,3
D045505,D010120,2
D012102,D010120,1
D010120,D010120,0
D020228,D015149,3
D045505,D015149,2
D012102,D015149,1
D015149,D015149,0
D020228,D018377,2
D020228,D014179,3
D020228,D000068760,4
D045505,D018377,1
D045505,D014179,2
D045505,D000068760,3
D018377,D018377,0
D018377,D014179,1
D018377,D000068760,2
D014179,D014179,0
D014179,D000068760,1
D000068760,D000068760,0
D020228,D017367,4
D045505,D017367,3
D018377,D017367,2
D014179,D017367,1
D017367,D017367,0
D020228,D018759,4
D045505,D018759,3
D018377,D018759,2
D014179,D018759,1
D018759,D018759,0
D020228,D018765,4
D045505,D018765,3
D018377,D018765,2
D014179,D018765,1
D018765,D018765,0
D020228,D058805,4
D045505,D058805,3
D018377,D058805,2
D014179,D058805,1
D058805,D058805,0
D020228,D000068796,3
D045505,D000068796,2
D018377,D000068796,1
D000068796,D000068796,0
D020228,D000081227,3
D045505,D000081227,2
D018377,D000081227,1
D000081227,D000081227,0
D020228,D018663,3
D020228,D000322,4
D020228,D000316,5
D020228,D058646,6
D045505,D018663,2
D045505,D000322,3
D045505,D000316,4
D045505,D058646,5
D018377,D018663,1
D018377,D000322,2
D018377,D000316,3
D018377,D058646,4
D018663,D018663,0
D018663,D000322,1
D018663,D000316,2
D018663,D058646,3
D000322,D000322,0
D000322,D000316,1
D000322,D058646,2
D000316,D000316,0
D000316,D058646,1
D058646,D058646,0
D020228,D058647,6
D045505,D058647,5
D018377,D058647,4
D018663,D058647,3
D000322,D058647,2
D000316,D058647,1
D058647,D058647,0
D020228,D000318,5
D020228,D058665,6
D045505,D000318,4
D045505,D058665,5
D018377,D000318,3
D018377,D058665,4
D018663,D000318,2
D018663,D058665,3
D000322,D000318,1
D000322,D058665,2
D000318,D000318,0
D000318,D058665,1
D058665,D058665,0
D020228,D058666,6
D045505,D058666,5
D018377,D058666,4
D018663,D058666,3
D000322,D058666,2
D000318,D058666,1
D058666,D058666,0
D020228,D058667,6
D045505,D058667,5
D018377,D058667,4
D018663,D058667,3
D000322,D058667,2
D000318,D058667,1
D058667,D058667,0
D020228,D018674,4
D020228,D000317,5
D020228,D058668,6
D045505,D018674,3
D045505,D000317,4
D045505,D058668,5
D018377,D018674,2
D018377,D000317,3
D018377,D058668,4
D018663,D018674,1
D018663,D000317,2
D018663,D058668,3
D018674,D018674,0
D018674,D000317,1
D018674,D058668,2
D000317,D000317,0
D000317,D058668,1
D058668,D058668,0
D020228,D058669,6
D045505,D058669,5
D018377,D058669,4
D018663,D058669,3
D018674,D058669,2
D000317,D058669,1
D058669,D058669,0
D020228,D000319,5
D020228,D058671,6
D045505,D000319,4
D045505,D058671,5
D018377,D000319,3
D018377,D058671,4
D018663,D000319,2
D018663,D058671,3
D018674,D000319,1
D018674,D058671,2
D000319,D000319,0
D000319,D058671,1
D058671,D058671,0
D020228,D058672,6
D045505,D058672,5
D018377,D058672,4
D018663,D058672,3
D018674,D058672,2
D000319,D058672,1
D058672,D058672,0
D020228,D058673,6
D045505,D058673,5
D018377,D058673,4
D018663,D058673,3
D018674,D058673,2
D000319,D058673,1
D058673,D058673,0
D018663,D018759,1
D020228,D018678,3
D020228,D002800,4
D045505,D018678,2
D045505,D002800,3
D018377,D018678,1
D018377,D002800,2
D018678,D018678,0
D018678,D002800,1
D002800,D002800,0
D020228,D002801,4
D045505,D002801,3
D018377,D002801,2
D018678,D002801,1
D002801,D002801,0
D020228,D018679,4
D020228,D018721,5
D045505,D018679,3
D045505,D018721,4
D018377,D018679,2
D018377,D018721,3
D018678,D018679,1
D018678,D018721,2
D018679,D018679,0
D018679,D018721,1
D018721,D018721,0
D020228,D018722,5
D045505,D018722,4
D018377,D018722,3
D018678,D018722,2
D018679,D018722,1
D018722,D018722,0
D020228,D018680,4
D020228,D018727,5
D045505,D018680,3
D045505,D018727,4
D018377,D018680,2
D018377,D018727,3
D018678,D018680,1
D018678,D018727,2
D018680,D018680,0
D018680,D018727,1
D018727,D018727,0
D020228,D018733,5
D045505,D018733,4
D018377,D018733,3
D018678,D018733,2
D018680,D018733,1
D018733,D018733,0
D020228,D065087,4
D045505,D065087,3
D018377,D065087,2
D018678,D065087,1
D065087,D065087,0
D020228,D018494,3
D020228,D006633,4
D020228,D006634,5
D020228,D039563,6
D045505,D018494,2
D045505,D006633,3
D045505,D006634,4
D045505,D039563,5
D018377,D018494,1
D018377,D006633,2
D018377,D006634,3
D018377,D039563,4
D018494,D018494,0
D018494,D006633,1
D018494,D006634,2
D018494,D039563,3
D006633,D006633,0
D006633,D006634,1
D006633,D039563,2
D006634,D006634,0
D006634,D039563,1
D039563,D039563,0
D020228,D006635,5
D045505,D006635,4
D018377,D006635,3
D018494,D006635,2
D006633,D006635,1
D006635,D006635,0
D020228,D054828,5
D045505,D054828,4
D018377,D054828,3
D018494,D054828,2
D006633,D054828,1
D054828,D054828,0
D020228,D017442,4
D045505,D017442,3
D018377,D017442,2
D018494,D017442,1
D017442,D017442,0
D020228,D018490,3
D020228,D012702,4
D020228,D058829,5
D045505,D018490,2
D045505,D012702,3
D045505,D058829,4
D018377,D018490,1
D018377,D012702,2
D018377,D058829,3
D018490,D018490,0
D018490,D012702,1
D018490,D058829,2
D012702,D012702,0
D012702,D058829,1
D058829,D058829,0
D020228,D058830,5
D045505,D058830,4
D018377,D058830,3
D018490,D058830,2
D012702,D058830,1
D058830,D058830,0
D020228,D058831,5
D045505,D058831,4
D018377,D058831,3
D018490,D058831,2
D012702,D058831,1
D058831,D058831,0
D020228,D058832,5
D045505,D058832,4
D018377,D058832,3
D018490,D058832,2
D012702,D058832,1
D058832,D058832,0
D020228,D017366,4
D020228,D058825,5
D045505,D017366,3
D045505,D058825,4
D018377,D017366,2
D018377,D058825,3
D018490,D017366,1
D018490,D058825,2
D017366,D017366,0
D017366,D058825,1
D058825,D058825,0
D020228,D058826,5
D045505,D058826,4
D018377,D058826,3
D018490,D058826,2
D017366,D058826,1
D058826,D058826,0
D020228,D058827,5
D045505,D058827,4
D018377,D058827,3
D018490,D058827,2
D017366,D058827,1
D058827,D058827,0
D020228,D058828,5
D045505,D058828,4
D018377,D058828,3
D018490,D058828,2
D017366,D058828,1
D058828,D058828,0
D018490,D017367,1
D020228,D015259,3
D020228,D018491,4
D045505,D015259,2
D045505,D018491,3
D018377,D015259,1
D018377,D018491,2
D015259,D015259,0
D015259,D018491,1
D018491,D018491,0
D020228,D018492,4
D020228,D065127,5
D045505,D018492,3
D045505,D065127,4
D018377,D018492,2
D018377,D065127,3
D015259,D018492,1
D015259,D065127,2
D018492,D018492,0
D018492,D065127,1
D065127,D065127,0
D015259,D018765,1
D020228,D018682,3
D020228,D018755,4
D020228,D058785,5
D045505,D018682,2
D045505,D018755,3
D045505,D058785,4
D018377,D018682,1
D018377,D018755,2
D018377,D058785,3
D018682,D018682,0
D018682,D018755,1
D018682,D058785,2
D018755,D018755,0
D018755,D058785,1
D058785,D058785,0
D020228,D058786,5
D045505,D058786,4
D018377,D058786,3
D018682,D058786,2
D018755,D058786,1
D058786,D058786,0
D020228,D018756,4
D020228,D058787,5
D045505,D018756,3
D045505,D058787,4
D018377,D018756,2
D018377,D058787,3
D018682,D018756,1
D018682,D058787,2
D018756,D018756,0
D018756,D058787,1
D058787,D058787,0
D020228,D058788,5
D045505,D058788,4
D018377,D058788,3
D018682,D058788,2
D018756,D058788,1
D058788,D058788,0
D020228,D018757,4
D045505,D018757,3
D018377,D018757,2
D018682,D018757,1
D018757,D018757,0
D018682,D058805,1
D020228,D018683,3
D020228,D018690,4
D045505,D018683,2
D045505,D018690,3
D018377,D018683,1
D018377,D018690,2
D018683,D018683,0
D018683,D018690,1
D018690,D018690,0
D020228,D018691,4
D045505,D018691,3
D018377,D018691,2
D018683,D018691,1
D018691,D018691,0
D020228,D018684,3
D045505,D018684,2
D018377,D018684,1
D018684,D018684,0
D020228,D058905,3
D020228,D058913,4
D020228,D058906,5
D020228,D058907,6
D045505,D058905,2
D045505,D058913,3
D045505,D058906,4
D045505,D058907,5
D018377,D058905,1
D018377,D058913,2
D018377,D058906,3
D018377,D058907,4
D058905,D058905,0
D058905,D058913,1
D058905,D058906,2
D058905,D058907,3
D058913,D058913,0
D058913,D058906,1
D058913,D058907,2
D058906,D058906,0
D058906,D058907,1
D058907,D058907,0
D020228,D058908,6
D045505,D058908,5
D018377,D058908,4
D058905,D058908,3
D058913,D058908,2
D058906,D058908,1
D058908,D058908,0
D020228,D058909,6
D045505,D058909,5
D018377,D058909,4
D058905,D058909,3
D058913,D058909,2
D058906,D058909,1
D058909,D058909,0
D020228,D058910,5
D020228,D058911,6
D045505,D058910,4
D045505,D058911,5
D018377,D058910,3
D018377,D058911,4
D058905,D058910,2
D058905,D058911,3
D058913,D058910,1
D058913,D058911,2
D058910,D058910,0
D058910,D058911,1
D058911,D058911,0
D020228,D058912,6
D045505,D058912,5
D018377,D058912,4
D058905,D058912,3
D058913,D058912,2
D058910,D058912,1
D058912,D058912,0
D020228,D058914,4
D020228,D058915,5
D020228,D058916,6
D045505,D058914,3
D045505,D058915,4
D045505,D058916,5
D018377,D058914,2
D018377,D058915,3
D018377,D058916,4
D058905,D058914,1
D058905,D058915,2
D058905,D058916,3
D058914,D058914,0
D058914,D058915,1
D058914,D058916,2
D058915,D058915,0
D058915,D058916,1
D058916,D058916,0
D020228,D058917,6
D045505,D058917,5
D018377,D058917,4
D058905,D058917,3
D058914,D058917,2
D058915,D058917,1
D058917,D058917,0
D020228,D058918,6
D045505,D058918,5
D018377,D058918,4
D058905,D058918,3
D058914,D058918,2
D058915,D058918,1
D058918,D058918,0
D020228,D058919,5
D020228,D058920,6
D045505,D058919,4
D045505,D058920,5
D018377,D058919,3
D018377,D058920,4
D058905,D058919,2
D058905,D058920,3
D058914,D058919,1
D058914,D058920,2
D058919,D058919,0
D058919,D058920,1
D058920,D058920,0
D020228,D058921,6
D045505,D058921,5
D018377,D058921,4
D058905,D058921,3
D058914,D058921,2
D058919,D058921,1
D058921,D058921,0
D020228,D064729,3
D045505,D064729,2
D018377,D064729,1
D064729,D064729,0
D020228,D002492,2
D020228,D006993,3
D020228,D000068776,4
D020228,D000068796,5
D045505,D002492,1
D045505,D006993,2
D045505,D000068776,3
D045505,D000068796,4
D002492,D002492,0
D002492,D006993,1
D002492,D000068776,2
D002492,D000068796,3
D006993,D006993,0
D006993,D000068776,1
D006993,D000068796,2
D000068776,D000068776,0
D000068776,D000068796,1
D020228,D009294,3
D020228,D000701,4
D045505,D009294,2
D045505,D000701,3
D002492,D009294,1
D002492,D000701,2
D009294,D009294,0
D009294,D000701,1
D000701,D000701,0
D020228,D000777,3
D020228,D018681,4
D020228,D018686,5
D020228,D000778,6
D045505,D000777,2
D045505,D018681,3
D045505,D018686,4
D045505,D000778,5
D002492,D000777,1
D002492,D018681,2
D002492,D018686,3
D002492,D000778,4
D000777,D000777,0
D000777,D018681,1
D000777,D018686,2
D000777,D000778,3
D018681,D018681,0
D018681,D018686,1
D018681,D000778,2
D018686,D018686,0
D018686,D000778,1
D000778,D000778,0
D020228,D018685,5
D045505,D018685,4
D002492,D018685,3
D000777,D018685,2
D018681,D018685,1
D018685,D018685,0
D020228,D000779,4
D045505,D000779,3
D002492,D000779,2
D000777,D000779,1
D000779,D000779,0
D020228,D019162,4
D045505,D019162,3
D002492,D019162,2
D000777,D019162,1
D019162,D019162,0
D020228,D014149,3
D020228,D014150,4
D045505,D014149,2
D045505,D014150,3
D002492,D014149,1
D002492,D014150,2
D014149,D014149,0
D014149,D014150,1
D014150,D014150,0
D020228,D014151,4
D045505,D014151,3
D002492,D014151,2
D014149,D014151,1
D014151,D014151,0
D020228,D018692,4
D045505,D018692,3
D002492,D018692,2
D014149,D018692,1
D018692,D018692,0
D020228,D018977,2
D020228,D014815,3
D020228,D000072664,4
D045505,D018977,1
D045505,D014815,2
D045505,D000072664,3
D018977,D018977,0
D018977,D014815,1
D018977,D000072664,2
D014815,D014815,0
D014815,D000072664,1
D000072664,D000072664,0
D020228,D014803,4
D045505,D014803,3
D018977,D014803,2
D014815,D014803,1
D014803,D014803,0
D020228,D007004,2
D020228,D000077203,3
D045505,D007004,1
D045505,D000077203,2
D007004,D007004,0
D007004,D000077203,1
D000077203,D000077203,0
D020228,D054873,3
D045505,D054873,2
D007004,D054873,1
D054873,D054873,0
D020228,D065089,3
D045505,D065089,2
D007004,D065089,1
D065089,D065089,0
D020228,D065091,3
D045505,D065091,2
D007004,D065091,1
D065091,D065091,0
D020228,D018373,2
D020228,D018689,3
D020228,D000700,4
D020228,D000077221,5
D045505,D018373,1
D045505,D018689,2
D045505,D000700,3
D045505,D000077221,4
D018373,D018373,0
D018373,D018689,1
D018373,D000700,2
D018373,D000077221,3
D018689,D018689,0
D018689,D000700,1
D018689,D000077221,2
D000700,D000700,0
D000700,D000077221,1
D000077221,D000077221,0
D020228,D009294,5
D020228,D000701,6
D045505,D009294,4
D045505,D000701,5
D018373,D009294,3
D018373,D000701,4
D018689,D009294,2
D018689,D000701,3
D000700,D009294,1
D000700,D000701,2
D020228,D018712,5
D020228,D000894,6
D020228,D016861,7
D020228,D052246,8
D045505,D018712,4
D045505,D000894,5
D045505,D016861,6
D045505,D052246,7
D018373,D018712,3
D018373,D000894,4
D018373,D016861,5
D018373,D052246,6
D018689,D018712,2
D018689,D000894,3
D018689,D016861,4
D018689,D052246,5
D000700,D018712,1
D000700,D000894,2
D000700,D016861,3
D000700,D052246,4
D018712,D018712,0
D018712,D000894,1
D018712,D016861,2
D018712,D052246,3
D000894,D000894,0
D000894,D016861,1
D000894,D052246,2
D016861,D016861,0
D016861,D052246,1
D052246,D052246,0
D020228,D057133,5
D045505,D057133,4
D018373,D057133,3
D018689,D057133,2
D000700,D057133,1
D057133,D057133,0
D020228,D059846,5
D045505,D059846,4
D018373,D059846,3
D018689,D059846,2
D000700,D059846,1
D059846,D059846,0
D018373,D000779,2
D018689,D000779,1
D020228,D009292,4
D045505,D009292,3
D018373,D009292,2
D018689,D009292,1
D009292,D009292,0
D020228,D001337,3
D020228,D000932,4
D045505,D001337,2
D045505,D000932,3
D018373,D001337,1
D018373,D000932,2
D001337,D001337,0
D001337,D000932,1
D000932,D000932,0
D020228,D001993,4
D045505,D001993,3
D018373,D001993,2
D001337,D001993,1
D001993,D001993,0
D020228,D004639,4
D045505,D004639,3
D018373,D004639,2
D001337,D004639,1
D004639,D004639,0
D020228,D005730,4
D045505,D005730,3
D018373,D005730,2
D001337,D005730,1
D005730,D005730,0
D020228,D005731,4
D045505,D005731,3
D018373,D005731,2
D001337,D005731,1
D005731,D005731,0
D020228,D008916,4
D045505,D008916,3
D018373,D008916,2
D001337,D008916,1
D008916,D008916,0
D020228,D009184,4
D045505,D009184,3
D018373,D009184,2
D001337,D009184,1
D009184,D009184,0
D020228,D010276,4
D045505,D010276,3
D018373,D010276,2
D001337,D010276,1
D010276,D010276,0
D020228,D010277,4
D045505,D010277,3
D018373,D010277,2
D001337,D010277,1
D010277,D010277,0
D020228,D013565,4
D045505,D013565,3
D018373,D013565,2
D001337,D013565,1
D013565,D013565,0
D020228,D013566,4
D045505,D013566,3
D018373,D013566,2
D001337,D013566,1
D013566,D013566,0
D020228,D016085,4
D045505,D016085,3
D018373,D016085,2
D001337,D016085,1
D016085,D016085,0
D020228,D009465,3
D020228,D009466,4
D020228,D003473,5
D045505,D009465,2
D045505,D009466,3
D045505,D003473,4
D018373,D009465,1
D018373,D009466,2
D018373,D003473,3
D009465,D009465,0
D009465,D009466,1
D009465,D003473,2
D009466,D009466,0
D009466,D003473,1
D003473,D003473,0
D020228,D009467,5
D045505,D009467,4
D018373,D009467,3
D009465,D009467,2
D009466,D009467,1
D009467,D009467,0
D020228,D009125,4
D045505,D009125,3
D018373,D009125,2
D009465,D009125,1
D009125,D009125,0
D020228,D000077264,2
D020228,D002120,3
D045505,D000077264,1
D045505,D002120,2
D000077264,D000077264,0
D000077264,D002120,1
D002120,D002120,0
D020228,D002121,3
D045505,D002121,2
D000077264,D002121,1
D002121,D002121,0
D020228,D000078604,2
D045505,D000078604,1
D000078604,D000078604,0
D020228,D007155,2
D020228,D007166,3
D020228,D000081243,4
D045505,D007155,1
D045505,D007166,2
D045505,D000081243,3
D007155,D007155,0
D007155,D007166,1
D007155,D000081243,2
D007166,D007166,0
D007166,D000081243,1
D000081243,D000081243,0
D020228,D000088902,4
D045505,D000088902,3
D007155,D000088902,2
D007166,D000088902,1
D000088902,D000088902,0
D020228,D000091203,4
D045505,D000091203,3
D007155,D000091203,2
D007166,D000091203,1
D000091203,D000091203,0
D020228,D019653,4
D045505,D019653,3
D007155,D019653,2
D007166,D019653,1
D019653,D019653,0
D020228,D051056,4
D020228,D065094,5
D045505,D051056,3
D045505,D065094,4
D007155,D051056,2
D007155,D065094,3
D007166,D051056,1
D007166,D065094,2
D051056,D051056,0
D051056,D065094,1
D065094,D065094,0
D020228,D000082142,3
D045505,D000082142,2
D007155,D000082142,1
D000082142,D000082142,0
D020228,D000091369,3
D045505,D000091369,2
D007155,D000091369,1
D000091369,D000091369,0
D020228,D000276,3
D045505,D000276,2
D007155,D000276,1
D000276,D000276,0
D020228,D000373,3
D020228,D006388,4
D045505,D000373,2
D045505,D006388,3
D007155,D000373,1
D007155,D006388,2
D000373,D000373,0
D000373,D006388,1
D006388,D006388,0
D020228,D007369,3
D045505,D007369,2
D007155,D007369,1
D007369,D007369,0
D020228,D000697,2
D020228,D001046,3
D045505,D000697,1
D045505,D001046,2
D000697,D000697,0
D000697,D001046,1
D001046,D001046,0
D020228,D003292,3
D045505,D003292,2
D000697,D003292,1
D003292,D003292,0
D020228,D019167,3
D045505,D019167,2
D000697,D019167,1
D019167,D019167,0
D020228,D064690,3
D045505,D064690,2
D000697,D064690,1
D064690,D064690,0
D020228,D001252,2
D045505,D001252,1
D001252,D001252,0
D020228,D045283,2
D020228,D004232,3
D020228,D004234,4
D045505,D045283,1
D045505,D004232,2
D045505,D004234,3
D045283,D045283,0
D045283,D004232,1
D045283,D004234,2
D004232,D004232,0
D004232,D004234,1
D004234,D004234,0
D020228,D049993,4
D045505,D049993,3
D045283,D049993,2
D004232,D049993,1
D049993,D049993,0
D020228,D049994,4
D045505,D049994,3
D045283,D049994,2
D004232,D049994,1
D049994,D049994,0
D020228,D062865,4
D020228,D062686,5
D045505,D062865,3
D045505,D062686,4
D045283,D062865,2
D045283,D062686,3
D004232,D062865,1
D004232,D062686,2
D062865,D062865,0
D062865,D062686,1
D062686,D062686,0
D020228,D050034,3
D045505,D050034,2
D045283,D050034,1
D050034,D050034,0
D020228,D065067,3
D045505,D065067,2
D045283,D065067,1
D065067,D065067,0
D020228,D065092,3
D045505,D065092,2
D045283,D065092,1
D065092,D065092,0
D020228,D004639,2
D045505,D004639,1
D020228,D006133,2
D020228,D006131,3
D020228,D020533,4
D045505,D006133,1
D045505,D006131,2
D045505,D020533,3
D006133,D006133,0
D006133,D006131,1
D006133,D020533,2
D006131,D006131,0
D006131,D020533,1
D020533,D020533,0
D020228,D010937,3
D045505,D010937,2
D006133,D010937,1
D010937,D010937,0
D020228,D043924,3
D045505,D043924,2
D006133,D043924,1
D043924,D043924,0
D043924,D020533,1
D020228,D043925,4
D045505,D043925,3
D006133,D043925,2
D043924,D043925,1
D043925,D043925,0
D020228,D006213,2
D045505,D006213,1
D006213,D006213,0
D020228,D009125,2
D045505,D009125,1
D020228,D009292,2
D045505,D009292,1
D020228,D020011,2
D020228,D000931,3
D045505,D020011,1
D045505,D000931,2
D020011,D020011,0
D020011,D000931,1
D000931,D000931,0
D020228,D000975,3
D020228,D016166,4
D045505,D000975,2
D045505,D016166,3
D020011,D000975,1
D020011,D016166,2
D000975,D000975,0
D000975,D016166,1
D016166,D016166,0
D020228,D002316,3
D045505,D002316,2
D020011,D002316,1
D002316,D002316,0
D020228,D002327,3
D045505,D002327,2
D020011,D002327,1
D002327,D002327,0
D020228,D003451,3
D045505,D003451,2
D020011,D003451,1
D003451,D003451,0
D020228,D011837,3
D020228,D013473,4
D045505,D011837,2
D045505,D013473,3
D020011,D011837,1
D020011,D013473,2
D011837,D011837,0
D011837,D013473,1
D013473,D013473,0
D020228,D016587,3
D045505,D016587,2
D020011,D016587,1
D016587,D016587,0
D020228,D016588,3
D045505,D016588,2
D020011,D016588,1
D016588,D016588,0
D020228,D018696,3
D045505,D018696,2
D020011,D018696,1
D018696,D018696,0
D020228,D050071,2
D045505,D050071,1
D050071,D050071,0
D020228,D056669,2
D045505,D056669,1
D056669,D056669,0
D020228,D058573,2
D045505,D058573,1
D058573,D058573,0
D020228,D058633,2
D045505,D058633,1
D058633,D058633,0
D020228,D045506,1
D045506,D045506,0
D045506,D012102,1
D045506,D000019,2
D045506,D000020,3
D045506,D000021,3
D045506,D003270,2
D045506,D000080066,3
D045506,D003278,4
D045506,D003282,4
D045506,D008186,4
D045506,D008600,4
D045506,D003271,3
D045506,D003276,4
D045506,D003278,5
D045506,D003279,5
D045506,D003280,5
D045506,D003281,4
D045506,D003282,5
D045506,D003283,5
D045506,D003272,3
D045506,D005299,2
D045506,D005300,3
D045506,D005303,3
D045506,D008186,2
D045506,D008600,2
D045506,D010120,2
D045506,D015149,2
D020228,D000970,2
D020228,D000067856,3
D045506,D000970,1
D045506,D000067856,2
D000970,D000970,0
D000970,D000067856,1
D000067856,D000067856,0
D020228,D000074322,3
D020228,D000082082,4
D045506,D000074322,2
D045506,D000082082,3
D000970,D000074322,1
D000970,D000082082,2
D000074322,D000074322,0
D000074322,D000082082,1
D000082082,D000082082,0
D020228,D000091203,3
D045506,D000091203,2
D000970,D000091203,1
D020228,D000903,3
D045506,D000903,2
D000970,D000903,1
D000903,D000903,0
D020228,D000972,3
D045506,D000972,2
D000970,D000972,1
D000972,D000972,0
D020228,D018931,3
D045506,D018931,2
D000970,D018931,1
D018931,D018931,0
D020228,D019653,3
D045506,D019653,2
D000970,D019653,1
D020228,D020533,3
D045506,D020533,2
D000970,D020533,1
D020228,D050256,3
D020228,D050257,4
D045506,D050256,2
D045506,D050257,3
D000970,D050256,1
D000970,D050257,2
D050256,D050256,0
D050256,D050257,1
D050257,D050257,0
D020228,D059003,3
D020228,D059004,4
D045506,D059003,2
D045506,D059004,3
D000970,D059003,1
D000970,D059004,2
D059003,D059003,0
D059003,D059004,1
D059004,D059004,0
D020228,D059005,4
D045506,D059005,3
D000970,D059005,2
D059003,D059005,1
D059005,D059005,0
D020228,D002491,2
D020228,D002492,3
D020228,D006993,4
D020228,D000068776,5
D020228,D000068796,6
D045506,D002491,1
D045506,D002492,2
D045506,D006993,3
D045506,D000068776,4
D045506,D000068796,5
D002491,D002491,0
D002491,D002492,1
D002491,D006993,2
D002491,D000068776,3
D002491,D000068796,4
D020228,D009294,4
D020228,D000701,5
D045506,D009294,3
D045506,D000701,4
D002491,D009294,2
D002491,D000701,3
D020228,D000777,4
D020228,D018681,5
D020228,D018686,6
D020228,D000778,7
D045506,D000777,3
D045506,D018681,4
D045506,D018686,5
D045506,D000778,6
D002491,D000777,2
D002491,D018681,3
D002491,D018686,4
D002491,D000778,5
D020228,D018685,6
D045506,D018685,5
D002491,D018685,4
D020228,D000779,5
D045506,D000779,4
D002491,D000779,3
D020228,D019162,5
D045506,D019162,4
D002491,D019162,3
D020228,D014149,4
D020228,D014150,5
D045506,D014149,3
D045506,D014150,4
D002491,D014149,2
D002491,D014150,3
D020228,D014151,5
D045506,D014151,4
D002491,D014151,3
D020228,D018692,5
D045506,D018692,4
D002491,D018692,3
D020228,D000700,3
D020228,D000077221,4
D045506,D000700,2
D045506,D000077221,3
D002491,D000700,1
D002491,D000077221,2
D020228,D018712,4
D020228,D000894,5
D020228,D016861,6
D020228,D052246,7
D045506,D018712,3
D045506,D000894,4
D045506,D016861,5
D045506,D052246,6
D002491,D018712,2
D002491,D000894,3
D002491,D016861,4
D002491,D052246,5
D020228,D057133,4
D045506,D057133,3
D002491,D057133,2
D020228,D059846,4
D045506,D059846,3
D002491,D059846,2
D020228,D000427,3
D045506,D000427,2
D002491,D000427,1
D000427,D000427,0
D020228,D000697,3
D020228,D001046,4
D045506,D000697,2
D045506,D001046,3
D002491,D000697,1
D002491,D001046,2
D020228,D003292,4
D045506,D003292,3
D002491,D003292,2
D020228,D019167,4
D045506,D019167,3
D002491,D019167,2
D020228,D064690,4
D045506,D064690,3
D002491,D064690,2
D020228,D000759,3
D045506,D000759,2
D002491,D000759,1
D000759,D000759,0
D020228,D000927,3
D045506,D000927,2
D002491,D000927,1
D000927,D000927,0
D020228,D011619,3
D020228,D000928,4
D020228,D000929,5
D045506,D011619,2
D045506,D000928,3
D045506,D000929,4
D002491,D011619,1
D002491,D000928,2
D002491,D000929,3
D011619,D011619,0
D011619,D000928,1
D011619,D000929,2
D000928,D000928,0
D000928,D000929,1
D000929,D000929,0
D020228,D018687,5
D045506,D018687,4
D002491,D018687,3
D011619,D018687,2
D000928,D018687,1
D018687,D018687,0
D020228,D006213,4
D045506,D006213,3
D002491,D006213,2
D011619,D006213,1
D011619,D014149,1
D011619,D014150,2
D011619,D014151,2
D011619,D018692,2
D020228,D000932,3
D045506,D000932,2
D002491,D000932,1
D020228,D018726,3
D020228,D000978,4
D020228,D065098,5
D045506,D018726,2
D045506,D000978,3
D045506,D065098,4
D002491,D018726,1
D002491,D000978,2
D002491,D065098,3
D018726,D018726,0
D018726,D000978,1
D018726,D065098,2
D000978,D000978,0
D000978,D065098,1
D065098,D065098,0
D020228,D065105,5
D045506,D065105,4
D002491,D065105,3
D018726,D065105,2
D000978,D065105,1
D065105,D065105,0
D020228,D000996,3
D045506,D000996,2
D002491,D000996,1
D000996,D000996,0
D020228,D004639,3
D045506,D004639,2
D002491,D004639,1
D020228,D009125,3
D045506,D009125,2
D002491,D009125,1
D020228,D009292,3
D045506,D009292,2
D002491,D009292,1
D045506,D018696,2
D002491,D018696,1
D020228,D018697,3
D045506,D018697,2
D002491,D018697,1
D018697,D018697,0
D020228,D005765,2
D020228,D000074268,3
D045506,D005765,1
D045506,D000074268,2
D005765,D005765,0
D005765,D000074268,1
D000074268,D000074268,0
D020228,D000863,3
D045506,D000863,2
D005765,D000863,1
D000863,D000863,0
D020228,D000897,3
D045506,D000897,2
D005765,D000897,1
D000897,D000897,0
D020228,D000930,3
D045506,D000930,2
D005765,D000930,1
D000930,D000930,0
D005765,D000932,1
D020228,D002400,3
D045506,D002400,2
D005765,D002400,1
D002400,D002400,0
D020228,D002756,3
D045506,D002756,2
D005765,D002756,1
D002756,D002756,0
D005765,D004639,1
D020228,D008082,3
D020228,D058867,4
D045506,D008082,2
D045506,D058867,3
D005765,D008082,1
D005765,D058867,2
D008082,D008082,0
D008082,D058867,1
D058867,D058867,0
D020228,D054368,3
D045506,D054368,2
D005765,D054368,1
D054368,D054368,0
D020228,D000077444,2
D045506,D000077444,1
D000077444,D000077444,0
D020228,D000893,2
D020228,D000079424,3
D045506,D000893,1
D045506,D000079424,2
D000893,D000893,0
D000893,D000079424,1
D000079424,D000079424,0
D045506,D000082142,2
D000893,D000082142,1
D020228,D000088962,3
D045506,D000088962,2
D000893,D000088962,1
D000088962,D000088962,0
D020228,D000894,3
D020228,D016861,4
D020228,D052246,5
D045506,D000894,2
D045506,D016861,3
D045506,D052246,4
D000893,D000894,1
D000893,D016861,2
D000893,D052246,3
D020228,D018926,2
D045506,D018926,1
D018926,D018926,0
D018926,D000082142,1
D020228,D000890,2
D020228,D000998,3
D020228,D000084762,4
D020228,D000085683,5
D045506,D000890,1
D045506,D000998,2
D045506,D000084762,3
D045506,D000085683,4
D000890,D000890,0
D000890,D000998,1
D000890,D000084762,2
D000890,D000085683,3
D000998,D000998,0
D000998,D000084762,1
D000998,D000085683,2
D000084762,D000084762,0
D000084762,D000085683,1
D000085683,D000085683,0
D020228,D000088802,5
D045506,D000088802,4
D000890,D000088802,3
D000998,D000088802,2
D000084762,D000088802,1
D000088802,D000088802,0
D020228,D017320,5
D045506,D017320,4
D000890,D017320,3
D000998,D017320,2
D000084762,D017320,1
D017320,D017320,0
D020228,D044966,4
D020228,D019380,5
D020228,D017320,6
D045506,D044966,3
D045506,D019380,4
D045506,D017320,5
D000890,D044966,2
D000890,D019380,3
D000890,D017320,4
D000998,D044966,1
D000998,D019380,2
D000998,D017320,3
D044966,D044966,0
D044966,D019380,1
D044966,D017320,2
D019380,D019380,0
D019380,D017320,1
D020228,D019428,6
D045506,D019428,5
D000890,D019428,4
D000998,D019428,3
D044966,D019428,2
D019380,D019428,1
D019428,D019428,0
D020228,D023581,6
D045506,D023581,5
D000890,D023581,4
D000998,D023581,3
D044966,D023581,2
D019380,D023581,1
D023581,D023581,0
D020228,D065100,6
D045506,D065100,5
D000890,D065100,4
D000998,D065100,3
D044966,D065100,2
D019380,D065100,1
D065100,D065100,0
D020228,D018894,4
D045506,D018894,3
D000890,D018894,2
D000998,D018894,1
D018894,D018894,0
D020228,D065147,4
D020228,D023581,5
D045506,D065147,3
D045506,D023581,4
D000890,D065147,2
D000890,D023581,3
D000998,D065147,1
D000998,D023581,2
D065147,D065147,0
D065147,D023581,1
D020228,D000977,3
D020228,D000981,4
D020228,D000563,5
D045506,D000977,2
D045506,D000981,3
D045506,D000563,4
D000890,D000977,1
D000890,D000981,2
D000890,D000563,3
D000977,D000977,0
D000977,D000981,1
D000977,D000563,2
D000981,D000981,0
D000981,D000563,1
D000563,D000563,0
D020228,D000962,5
D045506,D000962,4
D000890,D000962,3
D000977,D000962,2
D000981,D000962,1
D000962,D000962,0
D020228,D000994,5
D045506,D000994,4
D000890,D000994,3
D000977,D000994,2
D000981,D000994,1
D000994,D000994,0
D020228,D003049,5
D045506,D003049,4
D000890,D003049,3
D000977,D003049,2
D000981,D003049,1
D003049,D003049,0
D020228,D014344,5
D045506,D014344,4
D000890,D014344,3
D000977,D014344,2
D000981,D014344,1
D014344,D014344,0
D020228,D000871,4
D020228,D000980,5
D020228,D000923,6
D045506,D000871,3
D045506,D000980,4
D045506,D000923,5
D000890,D000871,2
D000890,D000980,3
D000890,D000923,4
D000977,D000871,1
D000977,D000980,2
D000977,D000923,3
D000871,D000871,0
D000871,D000980,1
D000871,D000923,2
D000980,D000980,0
D000980,D000923,1
D000923,D000923,0
D020228,D012556,6
D045506,D012556,5
D000890,D012556,4
D000977,D012556,3
D000871,D012556,2
D000980,D012556,1
D012556,D012556,0
D020228,D000969,5
D020228,D005369,6
D045506,D000969,4
D045506,D005369,5
D000890,D000969,3
D000890,D005369,4
D000977,D000969,2
D000977,D005369,3
D000871,D000969,1
D000871,D005369,2
D000969,D000969,0
D000969,D005369,1
D005369,D005369,0
D020228,D000891,3
D045506,D000891,2
D000890,D000891,1
D000891,D000891,0
D020228,D000892,3
D045506,D000892,2
D000890,D000892,1
D000892,D000892,0
D020228,D000900,3
D020228,D000995,4
D020228,D000904,5
D045506,D000900,2
D045506,D000995,3
D045506,D000904,4
D000890,D000900,1
D000890,D000995,2
D000890,D000904,3
D000900,D000900,0
D000900,D000995,1
D000900,D000904,2
D000995,D000995,0
D000995,D000904,1
D000904,D000904,0
D020228,D000993,4
D045506,D000993,3
D000890,D000993,2
D000900,D000993,1
D000993,D000993,0
D020228,D007917,4
D045506,D007917,3
D000890,D007917,2
D000900,D007917,1
D007917,D007917,0
D020228,D065093,4
D045506,D065093,3
D000890,D065093,2
D000900,D065093,1
D065093,D065093,0
D020228,D000935,3
D045506,D000935,2
D000890,D000935,1
D000935,D000935,0
D020228,D000089162,2
D020228,D012076,3
D045506,D000089162,1
D045506,D012076,2
D000089162,D000089162,0
D000089162,D012076,1
D012076,D012076,0
D020228,D064804,3
D045506,D064804,2
D000089162,D064804,1
D064804,D064804,0
D020228,D000089322,2
D045506,D000089322,1
D000089322,D000089322,0
D020228,D000089502,2
D045506,D000089502,1
D000089502,D000089502,0
D020228,D006401,2
D020228,D003029,3
D020228,D006490,4
D020228,D000089964,5
D045506,D006401,1
D045506,D003029,2
D045506,D006490,3
D045506,D000089964,4
D006401,D006401,0
D006401,D003029,1
D006401,D006490,2
D006401,D000089964,3
D003029,D003029,0
D003029,D006490,1
D003029,D000089964,2
D006490,D006490,0
D006490,D000089964,1
D000089964,D000089964,0
D020228,D000933,5
D045506,D000933,4
D006401,D000933,3
D003029,D000933,2
D006490,D000933,1
D000933,D000933,0
D020228,D000373,4
D020228,D006388,5
D045506,D000373,3
D045506,D006388,4
D006401,D000373,2
D006401,D006388,3
D003029,D000373,1
D003029,D006388,2
D020228,D006494,4
D045506,D006494,3
D006401,D006494,2
D003029,D006494,1
D006494,D006494,0
D020228,D000925,3
D020228,D000991,4
D020228,D065427,5
D045506,D000925,2
D045506,D000991,3
D045506,D065427,4
D006401,D000925,1
D006401,D000991,2
D006401,D065427,3
D000925,D000925,0
D000925,D000991,1
D000925,D065427,2
D000991,D000991,0
D000991,D065427,1
D065427,D065427,0
D020228,D000986,3
D045506,D000986,2
D006401,D000986,1
D000986,D000986,0
D020228,D001802,3
D020228,D010952,4
D045506,D001802,2
D045506,D010952,3
D006401,D001802,1
D006401,D010952,2
D001802,D001802,0
D001802,D010952,1
D010952,D010952,0
D020228,D005343,3
D045506,D005343,2
D006401,D005343,1
D005343,D005343,0
D020228,D006397,3
D045506,D006397,2
D006401,D006397,1
D006397,D006397,0
D020228,D010975,3
D045506,D010975,2
D006401,D010975,1
D010975,D010975,0
D020228,D057847,2
D020228,D000960,3
D020228,D000924,4
D020228,D000091362,5
D045506,D057847,1
D045506,D000960,2
D045506,D000924,3
D045506,D000091362,4
D057847,D057847,0
D057847,D000960,1
D057847,D000924,2
D057847,D000091362,3
D000960,D000960,0
D000960,D000924,1
D000960,D000091362,2
D000924,D000924,0
D000924,D000091362,1
D000091362,D000091362,0
D020228,D019161,5
D045506,D019161,4
D057847,D019161,3
D000960,D019161,2
D000924,D019161,1
D019161,D019161,0
D020228,D008082,4
D020228,D058867,5
D045506,D008082,3
D045506,D058867,4
D057847,D008082,2
D057847,D058867,3
D000960,D008082,1
D000960,D058867,2
D020228,D054872,4
D045506,D054872,3
D057847,D054872,2
D000960,D054872,1
D054872,D054872,0
D020228,D002317,2
D020228,D000889,3
D045506,D002317,1
D045506,D000889,2
D002317,D002317,0
D002317,D000889,1
D000889,D000889,0
D020228,D000959,3
D045506,D000959,2
D002317,D000959,1
D000959,D000959,0
D020228,D014662,3
D020228,D002120,4
D045506,D014662,2
D045506,D002120,3
D002317,D014662,1
D002317,D002120,2
D014662,D014662,0
D014662,D002120,1
D020228,D014663,4
D045506,D014663,3
D002317,D014663,2
D014662,D014663,1
D014663,D014663,0
D045506,D002121,2
D002317,D002121,1
D020228,D045283,3
D020228,D004232,4
D020228,D004234,5
D045506,D045283,2
D045506,D004232,3
D045506,D004234,4
D002317,D045283,1
D002317,D004232,2
D002317,D004234,3
D020228,D049993,5
D045506,D049993,4
D002317,D049993,3
D020228,D049994,5
D045506,D049994,4
D002317,D049994,3
D020228,D062865,5
D020228,D062686,6
D045506,D062865,4
D045506,D062686,5
D002317,D062865,3
D002317,D062686,4
D020228,D050034,4
D045506,D050034,3
D002317,D050034,2
D020228,D065067,4
D045506,D065067,3
D002317,D065067,2
D020228,D065092,4
D045506,D065092,3
D002317,D065092,2
D002317,D005343,1
D020228,D014665,3
D020228,D045462,4
D045506,D014665,2
D045506,D045462,3
D002317,D014665,1
D002317,D045462,2
D014665,D014665,0
D014665,D045462,1
D045462,D045462,0
D020228,D020030,3
D045506,D020030,2
D002317,D020030,1
D020030,D020030,0
D020228,D026902,3
D045506,D026902,2
D002317,D026902,1
D026902,D026902,0
D020228,D026941,3
D020228,D061567,4
D045506,D026941,2
D045506,D061567,3
D002317,D026941,1
D002317,D061567,2
D026941,D026941,0
D026941,D061567,1
D061567,D061567,0
D020228,D062646,4
D045506,D062646,3
D002317,D062646,2
D026941,D062646,1
D062646,D062646,0
D020228,D062686,4
D045506,D062686,3
D002317,D062686,2
D026941,D062686,1
D020228,D018501,2
D045506,D018501,1
D018501,D018501,0
D018501,D000894,1
D018501,D016861,2
D018501,D052246,3
D020228,D006074,3
D020228,D014528,4
D045506,D006074,2
D045506,D014528,3
D018501,D006074,1
D018501,D014528,2
D006074,D006074,0
D006074,D014528,1
D014528,D014528,0
D020228,D003879,2
D020228,D000982,3
D045506,D003879,1
D045506,D000982,2
D003879,D003879,0
D003879,D000982,1
D000982,D000982,0
D020228,D001252,3
D045506,D001252,2
D003879,D001252,1
D020228,D004643,3
D045506,D004643,2
D003879,D004643,1
D004643,D004643,0
D020228,D007641,3
D045506,D007641,2
D003879,D007641,1
D007641,D007641,0
D020228,D017319,3
D045506,D017319,2
D003879,D017319,1
D017319,D017319,0
D020228,D019141,2
D045506,D019141,1
D019141,D019141,0
D019141,D000996,1
D020228,D018927,3
D045506,D018927,2
D045506,D001993,3
D019141,D018927,1
D019141,D001993,2
D018927,D018927,0
D018927,D001993,1
D020228,D005100,3
D045506,D005100,2
D019141,D005100,1
D005100,D005100,0
D020228,D011663,3
D045506,D011663,2
D019141,D011663,1
D011663,D011663,0
D020228,D014663,3
D045506,D014663,2
D019141,D014663,1
D020228,D016085,3
D045506,D016085,2
D019141,D016085,1
D020228,D019440,2
D020228,D001067,3
D045506,D019440,1
D045506,D001067,2
D019440,D019440,0
D019440,D001067,1
D001067,D001067,0
D020228,D011838,2
D045506,D011838,1
D011838,D011838,0
D011838,D017319,1
D020228,D018758,2
D045506,D018758,1
D018758,D018758,0
D020228,D045504,1
D020228,D004791,2
D045504,D045504,0
D045504,D004791,1
D045504,D000067856,2
D004791,D004791,0
D004791,D000067856,1
D020228,D000067956,3
D045504,D000067956,2
D004791,D000067956,1
D000067956,D000067956,0
D020228,D047428,3
D020228,D000075242,4
D045504,D047428,2
D045504,D000075242,3
D004791,D047428,1
D004791,D000075242,2
D047428,D047428,0
D047428,D000075242,1
D000075242,D000075242,0
D045504,D000091203,3
D004791,D000091203,2
D047428,D000091203,1
D020228,D011480,3
D020228,D000806,4
D020228,D000075563,5
D045504,D011480,2
D045504,D000806,3
D045504,D000075563,4
D004791,D011480,1
D004791,D000806,2
D004791,D000075563,3
D011480,D011480,0
D011480,D000806,1
D011480,D000075563,2
D000806,D000806,0
D000806,D000075563,1
D000075563,D000075563,0
D045504,D000084762,3
D045504,D000085683,4
D004791,D000084762,2
D004791,D000085683,3
D011480,D000084762,1
D011480,D000085683,2
D045504,D000088802,4
D004791,D000088802,3
D011480,D000088802,2
D045504,D017320,4
D004791,D017320,3
D011480,D017320,2
D020228,D015842,4
D045504,D015842,3
D045504,D000091362,4
D004791,D015842,2
D004791,D000091362,3
D011480,D015842,1
D011480,D000091362,2
D015842,D015842,0
D015842,D000091362,1
D020228,D000991,5
D020228,D065427,6
D045504,D000991,4
D045504,D065427,5
D004791,D000991,3
D004791,D065427,4
D011480,D000991,2
D011480,D065427,3
D015842,D000991,1
D015842,D065427,2
D020228,D014361,5
D045504,D014361,4
D004791,D014361,3
D011480,D014361,2
D015842,D014361,1
D014361,D014361,0
D020228,D015853,4
D020228,D061945,5
D045504,D015853,3
D045504,D061945,4
D004791,D015853,2
D004791,D061945,3
D011480,D015853,1
D011480,D061945,2
D015853,D015853,0
D015853,D061945,1
D061945,D061945,0
D020228,D054873,4
D045504,D054873,3
D004791,D054873,2
D011480,D054873,1
D020228,D061965,4
D045504,D061965,3
D004791,D061965,2
D011480,D061965,1
D061965,D061965,0
D020228,D061988,4
D045504,D061988,3
D004791,D061988,2
D011480,D061988,1
D061988,D061988,0
D020228,D000081082,3
D045504,D000081082,2
D004791,D000081082,1
D000081082,D000081082,0
D020228,D000091062,3
D045504,D000091062,2
D004791,D000091062,1
D000091062,D000091062,0
D020228,D002257,3
D045504,D002257,2
D004791,D002257,1
D002257,D002257,0
D020228,D002800,3
D045504,D002800,2
D004791,D002800,1
D020228,D005493,3
D045504,D005493,2
D004791,D005493,1
D005493,D005493,0
D020228,D008996,3
D045504,D008996,2
D004791,D008996,1
D008996,D008996,0
D020228,D010726,3
D020228,D058986,4
D045504,D010726,2
D045504,D058986,3
D004791,D010726,1
D004791,D058986,2
D010726,D010726,0
D010726,D058986,1
D058986,D058986,0
D020228,D058987,4
D045504,D058987,3
D004791,D058987,2
D010726,D058987,1
D058987,D058987,0
D020228,D058988,4
D045504,D058988,3
D004791,D058988,2
D010726,D058988,1
D058988,D058988,0
D020228,D011500,3
D045504,D011500,2
D004791,D011500,1
D011500,D011500,0
D020228,D014475,3
D045504,D014475,2
D004791,D014475,1
D014475,D014475,0
D020228,D016859,3
D045504,D016859,2
D004791,D016859,1
D016859,D016859,0
D020228,D016861,3
D020228,D052246,4
D045504,D016861,2
D045504,D052246,3
D004791,D016861,1
D004791,D052246,2
D020228,D019384,3
D045504,D019384,2
D045504,D018894,3
D004791,D019384,1
D004791,D018894,2
D019384,D019384,0
D019384,D018894,1
D020228,D019161,3
D045504,D019161,2
D004791,D019161,1
D020228,D019429,3
D020228,D019428,4
D045504,D019429,2
D045504,D019428,3
D004791,D019429,1
D004791,D019428,2
D019429,D019429,0
D019429,D019428,1
D020228,D054328,3
D045504,D054328,2
D004791,D054328,1
D054328,D054328,0
D020228,D056572,3
D045504,D056572,2
D004791,D056572,1
D056572,D056572,0
D020228,D058892,3
D045504,D058892,2
D004791,D058892,1
D058892,D058892,0
D020228,D058946,3
D045504,D058946,2
D004791,D058946,1
D058946,D058946,0
D045504,D059003,2
D045504,D059004,3
D004791,D059003,1
D004791,D059004,2
D045504,D059005,3
D004791,D059005,2
D020228,D064800,3
D045504,D064800,2
D004791,D064800,1
D064800,D064800,0
D020228,D064801,3
D045504,D064801,2
D004791,D064801,1
D064801,D064801,0
D020228,D065086,3
D045504,D065086,2
D004791,D065086,1
D065086,D065086,0
D045504,D065089,2
D004791,D065089,1
D020228,D065093,3
D045504,D065093,2
D004791,D065093,1
D020228,D065095,3
D045504,D065095,2
D004791,D065095,1
D065095,D065095,0
D020228,D065098,3
D045504,D065098,2
D004791,D065098,1
D020228,D065105,3
D045504,D065105,2
D004791,D065105,1
D020228,D065108,3
D045504,D065108,2
D004791,D065108,1
D065108,D065108,0
D020228,D065607,3
D020228,D065609,4
D045504,D065607,2
D045504,D065609,3
D004791,D065607,1
D004791,D065609,2
D065607,D065607,0
D065607,D065609,1
D065609,D065609,0
D020228,D065686,4
D045504,D065686,3
D004791,D065686,2
D065607,D065686,1
D065686,D065686,0
D020228,D065687,4
D045504,D065687,3
D004791,D065687,2
D065607,D065687,1
D065687,D065687,0
D020228,D065688,4
D045504,D065688,3
D004791,D065688,2
D065607,D065688,1
D065688,D065688,0
D020228,D065689,4
D045504,D065689,3
D004791,D065689,2
D065607,D065689,1
D065689,D065689,0
D020228,D065690,4
D045504,D065690,3
D004791,D065690,2
D065607,D065690,1
D065690,D065690,0
D020228,D065691,4
D045504,D065691,3
D004791,D065691,2
D065607,D065691,1
D065691,D065691,0
D020228,D065692,4
D045504,D065692,3
D004791,D065692,2
D065607,D065692,1
D065692,D065692,0
D045504,D018377,1
D045504,D014179,2
D045504,D000068760,3
D045504,D017367,3
D045504,D018759,3
D045504,D018765,3
D045504,D058805,3
D045504,D000068796,2
D045504,D000081227,2
D045504,D018663,2
D045504,D000322,3
D045504,D000316,4
D045504,D058646,5
D045504,D058647,5
D045504,D000318,4
D045504,D058665,5
D045504,D058666,5
D045504,D058667,5
D045504,D018674,3
D045504,D000317,4
D045504,D058668,5
D045504,D058669,5
D045504,D000319,4
D045504,D058671,5
D045504,D058672,5
D045504,D058673,5
D045504,D018678,2
D045504,D002800,3
D045504,D002801,3
D045504,D018679,3
D045504,D018721,4
D045504,D018722,4
D045504,D018680,3
D045504,D018727,4
D045504,D018733,4
D045504,D065087,3
D045504,D018494,2
D045504,D006633,3
D045504,D006634,4
D045504,D039563,5
D045504,D006635,4
D045504,D054828,4
D045504,D017442,3
D045504,D018490,2
D045504,D012702,3
D045504,D058829,4
D045504,D058830,4
D045504,D058831,4
D045504,D058832,4
D045504,D017366,3
D045504,D058825,4
D045504,D058826,4
D045504,D058827,4
D045504,D058828,4
D045504,D015259,2
D045504,D018491,3
D045504,D018492,3
D045504,D065127,4
D045504,D018682,2
D045504,D018755,3
D045504,D058785,4
D045504,D058786,4
D045504,D018756,3
D045504,D058787,4
D045504,D058788,4
D045504,D018757,3
D045504,D018683,2
D045504,D018690,3
D045504,D018691,3
D045504,D018684,2
D045504,D058905,2
D045504,D058913,3
D045504,D058906,4
D045504,D058907,5
D045504,D058908,5
D045504,D058909,5
D045504,D058910,4
D045504,D058911,5
D045504,D058912,5
D045504,D058914,3
D045504,D058915,4
D045504,D058916,5
D045504,D058917,5
D045504,D058918,5
D045504,D058919,4
D045504,D058920,5
D045504,D058921,5
D045504,D064729,2
D020228,D049990,2
D045504,D049990,1
D049990,D049990,0
D049990,D014179,1
D049990,D000068760,2
D049990,D017367,2
D049990,D018759,2
D049990,D018765,2
D049990,D058805,2
D045504,D002120,2
D049990,D002120,1
D045504,D002121,2
D049990,D002121,1
D045504,D026902,2
D049990,D026902,1
D045504,D026941,2
D045504,D061567,3
D049990,D026941,1
D049990,D061567,2
D045504,D062646,3
D049990,D062646,2
D045504,D062686,3
D049990,D062686,2
D020228,D049993,3
D045504,D049993,2
D049990,D049993,1
D020228,D049994,3
D045504,D049994,2
D049990,D049994,1
D020228,D062687,3
D020228,D061585,4
D045504,D062687,2
D045504,D061585,3
D049990,D062687,1
D049990,D061585,2
D062687,D062687,0
D062687,D061585,1
D061585,D061585,0
D020228,D062708,4
D045504,D062708,3
D049990,D062708,2
D062687,D062708,1
D062708,D062708,0
D020228,D065087,3
D045504,D065087,2
D049990,D065087,1
D020228,D065101,3
D045504,D065101,2
D049990,D065101,1
D065101,D065101,0
D020228,D020536,2
D045504,D020536,1
D045504,D000074268,2
D020536,D020536,0
D020536,D000074268,1
D020228,D020549,3
D045504,D020549,2
D020536,D020549,1
D020549,D020549,0
D020228,D058867,3
D045504,D058867,2
D020536,D058867,1
D020228,D065097,3
D045504,D065097,2
D020536,D065097,1
D065097,D065097,0
D020228,D000077203,2
D045504,D000077203,1
D020228,D000077221,2
D045504,D000077221,1
D020228,D000081243,2
D045504,D000081243,1
D020228,D000082082,2
D045504,D000082082,1
D020228,D000963,2
D045504,D000963,1
D045504,D000960,2
D045504,D000924,3
D000963,D000963,0
D000963,D000960,1
D000963,D000924,2
D000963,D000091362,3
D045504,D019161,4
D000963,D019161,3
D045504,D008082,3
D045504,D058867,4
D000963,D008082,2
D000963,D058867,3
D045504,D054872,3
D000963,D054872,2
D020228,D000964,3
D045504,D000964,2
D000963,D000964,1
D000964,D000964,0
D020228,D000863,2
D045504,D000863,1
D020228,D050299,2
D020228,D000933,3
D045504,D050299,1
D045504,D000933,2
D050299,D050299,0
D050299,D000933,1
D045504,D005343,2
D050299,D005343,1
D020228,D004793,2
D020228,D002801,3
D045504,D004793,1
D045504,D002801,2
D004793,D004793,0
D004793,D002801,1
D020228,D006494,2
D045504,D006494,1
D020228,D050258,2
D020228,D008934,3
D045504,D050258,1
D045504,D008934,2
D050258,D050258,0
D050258,D008934,1
D008934,D008934,0
D045504,D050256,2
D045504,D050257,3
D050258,D050256,1
D050258,D050257,2
D020228,D000975,2
D020228,D016166,3
D045504,D000975,1
D045504,D016166,2
D020228,D020030,2
D045504,D020030,1
D020228,D065147,2
D020228,D023581,3
D045504,D065147,1
D045504,D023581,2
D020228,D057911,2
D020228,D047228,3
D045504,D057911,1
D045504,D047228,2
D057911,D057911,0
D057911,D047228,1
D047228,D047228,0
D020228,D057912,3
D045504,D057912,2
D057911,D057912,1
D057912,D057912,0
D020228,D057786,2
D045504,D057786,1
D057786,D057786,0
D020228,D065091,2
D045504,D065091,1
D020228,D065092,2
D045504,D065092,1
D020228,D065168,2
D020228,D065094,3
D045504,D065168,1
D045504,D065094,2
D065168,D065168,0
D065168,D065094,1
D020228,D065169,3
D045504,D065169,2
D065168,D065169,1
D065169,D065169,0
D020228,D065100,2
D045504,D065100,1
D020228,D065104,2
D045504,D065104,1
D065104,D065104,0
D020228,D065128,2
D020228,D065130,3
D045504,D065128,1
D045504,D065130,2
D065128,D065128,0
D065128,D065130,1
D065130,D065130,0
D020228,D065131,3
D045504,D065131,2
D065128,D065131,1
D065131,D065131,0
D020228,D065693,2
D020228,D065694,3
D045504,D065693,1
D045504,D065694,2
D065693,D065693,0
D065693,D065694,1
D065694,D065694,0
D020228,D065695,3
D045504,D065695,2
D065693,D065695,1
D065695,D065695,0
D020228,D065696,3
D045504,D065696,2
D065693,D065696,1
D065696,D065696,0
D020228,D065697,3
D045504,D065697,2
D065693,D065697,1
D065697,D065697,0
D020228,D065698,3
D045504,D065698,2
D065693,D065698,1
D065698,D065698,0
D020228,D065699,3
D045504,D065699,2
D065693,D065699,1
D065699,D065699,0
D020228,D065700,3
D045504,D065700,2
D065693,D065700,1
D065700,D065700,0
D020228,D065701,3
D045504,D065701,2
D065693,D065701,1
D065701,D065701,0
Z1,Z1,0
Z1,Z2,1
Z1,D009930,2
Z1,D007783,3
Z1,D018942,4
Z1,D020123,5
Z1,D000068338,6
Z2,Z2,0
Z2,D009930,1
Z2,D007783,2
Z2,D018942,3
Z2,D020123,4
Z2,D000068338,5
D009930,D009930,0
D009930,D007783,1
D009930,D018942,2
D009930,D020123,3
D009930,D000068338,4
D007783,D007783,0
D007783,D018942,1
D007783,D020123,2
D007783,D000068338,3
D018942,D018942,0
D018942,D020123,1
D018942,D000068338,2
D020123,D020123,0
D020123,D000068338,1
D000068338,D000068338,0
Z1,D061065,4
Z1,D018942,5
Z1,D020123,6
Z1,D000068338,7
Z2,D061065,3
Z2,D018942,4
Z2,D020123,5
Z2,D000068338,6
D009930,D061065,2
D009930,D018942,3
D009930,D020123,4
D009930,D000068338,5
D007783,D061065,1
D007783,D018942,2
D007783,D020123,3
D007783,D000068338,4
D061065,D061065,0
D061065,D018942,1
D061065,D020123,2
D061065,D000068338,3
Z1,D011083,2
Z1,D047028,3
Z2,D011083,1
Z2,D047028,2
D011083,D011083,0
D011083,D047028,1
D011083,D061065,2
D011083,D018942,3
D011083,D020123,4
D011083,D000068338,5
D047028,D047028,0
D047028,D061065,1
D047028,D018942,2
D047028,D020123,3
D047028,D000068338,4
Z1,D000602,2
Z1,D010455,3
Z1,D053491,4
Z1,D000074162,5
Z2,D000602,1
Z2,D010455,2
Z2,D053491,3
Z2,D000074162,4
D000602,D000602,0
D000602,D010455,1
D000602,D053491,2
D000602,D000074162,3
D010455,D010455,0
D010455,D053491,1
D010455,D000074162,2
D053491,D053491,0
D053491,D000074162,1
D000074162,D000074162,0
Z1,D015843,4
Z2,D015843,3
D000602,D015843,2
D010455,D015843,1
D015843,D015843,0
Z1,D011506,3
Z2,D011506,2
D000602,D011506,1
D011506,D011506,0
D011506,D053491,1
D011506,D000074162,2
Z1,D001798,4
Z1,D007162,5
Z1,D007136,6
Z1,D000906,7
Z1,D018796,8
Z1,D000922,9
Z2,D001798,3
Z2,D007162,4
Z2,D007136,5
Z2,D000906,6
Z2,D018796,7
Z2,D000922,8
D000602,D001798,2
D000602,D007162,3
D000602,D007136,4
D000602,D000906,5
D000602,D018796,6
D000602,D000922,7
D011506,D001798,1
D011506,D007162,2
D011506,D007136,3
D011506,D000906,4
D011506,D018796,5
D011506,D000922,6
D001798,D001798,0
D001798,D007162,1
D001798,D007136,2
D001798,D000906,3
D001798,D018796,4
D001798,D000922,5
D007162,D007162,0
D007162,D007136,1
D007162,D000906,2
D007162,D018796,3
D007162,D000922,4
D007136,D007136,0
D007136,D000906,1
D007136,D018796,2
D007136,D000922,3
D000906,D000906,0
D000906,D018796,1
D000906,D000922,2
D018796,D018796,0
D018796,D000922,1
D000922,D000922,0
Z1,D012712,5
Z2,D012712,4
D000602,D012712,3
D011506,D012712,2
D001798,D012712,1
D012712,D012712,0
D012712,D007136,1
D012712,D000906,2
D012712,D018796,3
D012712,D000922,4
Z1,D005916,4
Z2,D005916,3
D000602,D005916,2
D011506,D005916,1
D005916,D005916,0
D005916,D012712,1
D005916,D007136,2
D005916,D000906,3
D005916,D018796,4
D005916,D000922,5
D011506,D015843,1
Z1,D004364,2
Z1,D004304,3
Z1,D000075162,4
Z2,D004364,1
Z2,D004304,2
Z2,D000075162,3
D004364,D004364,0
D004364,D004304,1
D004364,D000075162,2
D004304,D004304,0
D004304,D000075162,1
D000075162,D000075162,0
Z1,D003102,4
Z1,D004655,5
Z1,D005217,6
Z2,D003102,3
Z2,D004655,4
Z2,D005217,5
D004364,D003102,2
D004364,D004655,3
D004364,D005217,4
D004304,D003102,1
D004304,D004655,2
D004304,D005217,3
D003102,D003102,0
D003102,D004655,1
D003102,D005217,2
D004655,D004655,0
D004655,D005217,1
D005217,D005217,0
Z1,D010592,3
Z1,D000075528,4
Z2,D010592,2
Z2,D000075528,3
D004364,D010592,1
D004364,D000075528,2
D010592,D010592,0
D010592,D000075528,1
D000075528,D000075528,0
Z1,D000277,4
Z1,D000089582,5
Z2,D000277,3
Z2,D000089582,4
D004364,D000277,2
D004364,D000089582,3
D010592,D000277,1
D010592,D000089582,2
D000277,D000277,0
D000277,D000089582,1
D000089582,D000089582,0
Z1,D012996,3
Z1,D019999,4
Z1,D002314,5
Z2,D012996,2
Z2,D019999,3
Z2,D002314,4
D004364,D012996,1
D004364,D019999,2
D004364,D002314,3
D012996,D012996,0
D012996,D019999,1
D012996,D002314,2
D019999,D019999,0
D019999,D002314,1
D002314,D002314,0
Z1,D057947,5
Z2,D057947,4
D004364,D057947,3
D012996,D057947,2
D012996,D005217,3
D019999,D057947,1
D019999,D005217,2
D057947,D057947,0
D057947,D005217,1
Z1,D009883,5
Z1,D065346,6
Z2,D009883,4
Z2,D065346,5
D004364,D009883,3
D004364,D065346,4
D012996,D009883,2
D012996,D065346,3
D019999,D009883,1
D019999,D065346,2
D009883,D009883,0
D009883,D065346,1
D065346,D065346,0
Z1,D012597,5
Z2,D012597,4
D004364,D012597,3
D012996,D012597,2
D019999,D012597,1
D012597,D012597,0
Z1,D015314,5
Z1,D015312,6
Z2,D015314,4
Z2,D015312,5
D004364,D015314,3
D004364,D015312,4
D012996,D015314,2
D012996,D015312,3
D019999,D015314,1
D019999,D015312,2
D015314,D015314,0
D015314,D015312,1
D015312,D015312,0
Z1,D018639,4
Z2,D018639,3
D004364,D018639,2
D012996,D018639,1
D018639,D018639,0
Z1,D004338,3
Z1,D003277,4
Z2,D004338,2
Z2,D003277,3
D004364,D004338,1
D004364,D003277,2
D004338,D004338,0
D004338,D003277,1
D003277,D003277,0
Z1,D020164,2
Z1,D020313,3
Z1,D010592,4
Z1,D000075528,5
Z2,D020164,1
Z2,D020313,2
Z2,D010592,3
Z2,D000075528,4
D020164,D020164,0
D020164,D020313,1
D020164,D010592,2
D020164,D000075528,3
D020313,D020313,0
D020313,D010592,1
D020313,D000075528,2
Z1,D000277,5
Z1,D000089582,6
Z2,D000277,4
Z2,D000089582,5
D020164,D000277,3
D020164,D000089582,4
D020313,D000277,2
D020313,D000089582,3
Z1,D020011,4
Z1,D000931,5
Z2,D020011,3
Z2,D000931,4
D020164,D020011,2
D020164,D000931,3
D020313,D020011,1
D020313,D000931,2
Z1,D000975,5
Z1,D016166,6
Z2,D000975,4
Z2,D016166,5
D020164,D000975,3
D020164,D016166,4
D020313,D000975,2
D020313,D016166,3
Z1,D002316,5
Z2,D002316,4
D020164,D002316,3
D020313,D002316,2
Z1,D002327,5
Z2,D002327,4
D020164,D002327,3
D020313,D002327,2
Z1,D003451,5
Z2,D003451,4
D020164,D003451,3
D020313,D003451,2
Z1,D011837,5
Z1,D013473,6
Z2,D011837,4
Z2,D013473,5
D020164,D011837,3
D020164,D013473,4
D020313,D011837,2
D020313,D013473,3
Z1,D016587,5
Z2,D016587,4
D020164,D016587,3
D020313,D016587,2
Z1,D016588,5
Z2,D016588,4
D020164,D016588,3
D020313,D016588,2
Z1,D018696,5
Z2,D018696,4
D020164,D018696,3
D020313,D018696,2
Z1,D013501,4
Z1,D000934,5
Z2,D013501,3
Z2,D000934,4
D020164,D013501,2
D020164,D000934,3
D020313,D013501,1
D020313,D000934,2
D013501,D013501,0
D013501,D000934,1
D000934,D000934,0
Z1,D045703,5
Z1,D058113,6
Z2,D045703,4
Z2,D058113,5
D020164,D045703,3
D020164,D058113,4
D020313,D045703,2
D020313,D058113,3
D013501,D045703,1
D013501,D058113,2
D045703,D045703,0
D045703,D058113,1
D058113,D058113,0
Z1,D065106,5
Z2,D065106,4
D020164,D065106,3
D020313,D065106,2
D013501,D065106,1
D065106,D065106,0
D020164,D019999,2
D020164,D002314,3
D020313,D019999,1
D020313,D002314,2
D020164,D057947,3
D020164,D005217,4
D020313,D057947,2
D020313,D005217,3
D020164,D009883,3
D020164,D065346,4
D020313,D009883,2
D020313,D065346,3
D020164,D012597,3
D020313,D012597,2
D020164,D015314,3
D020164,D015312,4
D020313,D015314,2
D020313,D015312,3
Z1,D001697,4
Z2,D001697,3
D020164,D001697,2
D020313,D001697,1
D001697,D001697,0
D001697,D002327,1
Z1,D012388,5
Z2,D012388,4
D020164,D012388,3
D020313,D012388,2
D001697,D012388,1
D012388,D012388,0
Z1,D064449,4
Z1,D002614,5
Z1,D007502,6
Z1,D017262,7
Z2,D064449,3
Z2,D002614,4
Z2,D007502,5
Z2,D017262,6
D020164,D064449,2
D020164,D002614,3
D020164,D007502,4
D020164,D017262,5
D020313,D064449,1
D020313,D002614,2
D020313,D007502,3
D020313,D017262,4
D064449,D064449,0
D064449,D002614,1
D064449,D007502,2
D064449,D017262,3
D002614,D002614,0
D002614,D007502,1
D002614,D017262,2
D007502,D007502,0
D007502,D017262,1
D017262,D017262,0
Z1,D065096,6
Z2,D065096,5
D020164,D065096,4
D020313,D065096,3
D064449,D065096,2
D002614,D065096,1
D065096,D065096,0
Z1,D003287,4
Z2,D003287,3
D020164,D003287,2
D020313,D003287,1
D003287,D003287,0
Z1,D004202,4
Z1,D019551,5
Z1,D012388,6
Z2,D004202,3
Z2,D019551,4
Z2,D012388,5
D020164,D004202,2
D020164,D019551,3
D020164,D012388,4
D020313,D004202,1
D020313,D019551,2
D020313,D012388,3
D004202,D004202,0
D004202,D019551,1
D004202,D012388,2
D019551,D019551,0
D019551,D012388,1
Z1,D018639,5
Z2,D018639,4
D020164,D018639,3
D020313,D018639,2
D004202,D018639,1
Z1,D064548,5
Z2,D064548,4
D020164,D064548,3
D020313,D064548,2
D004202,D064548,1
D064548,D064548,0
Z1,D016573,4
Z1,D010575,5
Z1,D007302,6
Z2,D016573,3
Z2,D010575,4
Z2,D007302,5
D020164,D016573,2
D020164,D010575,3
D020164,D007302,4
D020313,D016573,1
D020313,D010575,2
D020313,D007302,3
D016573,D016573,0
D016573,D010575,1
D016573,D007302,2
D010575,D010575,0
D010575,D007302,1
D007302,D007302,0
Z1,D007476,4
Z1,D061207,5
Z2,D007476,3
Z2,D061207,4
D020164,D007476,2
D020164,D061207,3
D020313,D007476,1
D020313,D061207,2
D007476,D007476,0
D007476,D061207,1
D061207,D061207,0
Z1,D061209,5
Z2,D061209,4
D020164,D061209,3
D020313,D061209,2
D007476,D061209,1
D061209,D061209,0
Z1,D061210,5
Z2,D061210,4
D020164,D061210,3
D020313,D061210,2
D007476,D061210,1
D061210,D061210,0
Z1,D061216,5
Z2,D061216,4
D020164,D061216,3
D020313,D061216,2
D007476,D061216,1
D061216,D061216,0
Z1,D019995,4
Z1,D007202,5
Z1,D011933,6
Z1,D011934,7
Z2,D019995,3
Z2,D007202,4
Z2,D011933,5
Z2,D011934,6
D020164,D019995,2
D020164,D007202,3
D020164,D011933,4
D020164,D011934,5
D020313,D019995,1
D020313,D007202,2
D020313,D011933,3
D020313,D011934,4
D019995,D019995,0
D019995,D007202,1
D019995,D011933,2
D019995,D011934,3
D007202,D007202,0
D007202,D011933,1
D007202,D011934,2
D011933,D011933,0
D011933,D011934,1
D011934,D011934,0
Z1,D019275,6
Z2,D019275,5
D020164,D019275,4
D020313,D019275,3
D019995,D019275,2
D007202,D019275,1
D019275,D019275,0
Z1,D056325,6
Z2,D056325,5
D020164,D056325,4
D020313,D056325,3
D019995,D056325,2
D007202,D056325,1
D056325,D056325,0
Z1,D015335,5
Z1,D015341,6
Z1,D015342,7
Z1,D015343,8
Z2,D015335,4
Z2,D015341,5
Z2,D015342,6
Z2,D015343,7
D020164,D015335,3
D020164,D015341,4
D020164,D015342,5
D020164,D015343,6
D020313,D015335,2
D020313,D015341,3
D020313,D015342,4
D020313,D015343,5
D019995,D015335,1
D019995,D015341,2
D019995,D015342,3
D019995,D015343,4
D015335,D015335,0
D015335,D015341,1
D015335,D015342,2
D015335,D015343,3
D015341,D015341,0
D015341,D015342,1
D015341,D015343,2
D015342,D015342,0
D015342,D015343,1
D015343,D015343,0
Z1,D015344,8
Z2,D015344,7
D020164,D015344,6
D020313,D015344,5
D019995,D015344,4
D015335,D015344,3
D015341,D015344,2
D015342,D015344,1
D015344,D015344,0
Z1,D015345,7
Z2,D015345,6
D020164,D015345,5
D020313,D015345,4
D019995,D015345,3
D015335,D015345,2
D015341,D015345,1
D015345,D015345,0
Z1,D015347,7
Z2,D015347,6
D020164,D015347,5
D020313,D015347,4
D019995,D015347,3
D015335,D015347,2
D015341,D015347,1
D015347,D015347,0
Z1,D003358,4
Z1,D013473,5
Z2,D003358,3
Z2,D013473,4
D020164,D003358,2
D020164,D013473,3
D020313,D003358,1
D020313,D013473,2
D003358,D003358,0
D003358,D013473,1
Z1,D054327,4
Z1,D055675,5
Z2,D054327,3
Z2,D055675,4
D020164,D054327,2
D020164,D055675,3
D020313,D054327,1
D020313,D055675,2
D054327,D054327,0
D054327,D055675,1
D055675,D055675,0
Z1,D065346,5
Z2,D065346,4
D020164,D065346,3
D020313,D065346,2
D054327,D065346,1
Z1,D055682,4
Z2,D055682,3
D020164,D055682,2
D020313,D055682,1
D055682,D055682,0
D055682,D055675,1
Z1,D004786,3
Z1,D009676,4
Z1,D000477,5
Z1,D018906,6
Z2,D004786,2
Z2,D009676,3
Z2,D000477,4
Z2,D018906,5
D020164,D004786,1
D020164,D009676,2
D020164,D000477,3
D020164,D018906,4
D004786,D004786,0
D004786,D009676,1
D004786,D000477,2
D004786,D018906,3
D009676,D009676,0
D009676,D000477,1
D009676,D018906,2
D000477,D000477,0
D000477,D018906,1
D018906,D018906,0
Z1,D000922,5
Z2,D000922,4
D020164,D000922,3
D004786,D000922,2
D009676,D000922,1
Z1,D000963,5
Z1,D000960,6
Z1,D000924,7
Z1,D000091362,8
Z2,D000963,4
Z2,D000960,5
Z2,D000924,6
Z2,D000091362,7
D020164,D000963,3
D020164,D000960,4
D020164,D000924,5
D020164,D000091362,6
D004786,D000963,2
D004786,D000960,3
D004786,D000924,4
D004786,D000091362,5
D009676,D000963,1
D009676,D000960,2
D009676,D000924,3
D009676,D000091362,4
Z1,D019161,8
Z2,D019161,7
D020164,D019161,6
D004786,D019161,5
D009676,D019161,4
Z1,D008082,7
Z1,D058867,8
Z2,D008082,6
Z2,D058867,7
D020164,D008082,5
D020164,D058867,6
D004786,D008082,4
D004786,D058867,5
D009676,D008082,3
D009676,D058867,4
Z1,D054872,7
Z2,D054872,6
D020164,D054872,5
D004786,D054872,4
D009676,D054872,3
Z1,D000964,6
Z2,D000964,5
D020164,D000964,4
D004786,D000964,3
D009676,D000964,2
Z1,D000988,5
Z1,D013078,6
Z2,D000988,4
Z2,D013078,5
D020164,D000988,3
D020164,D013078,4
D004786,D000988,2
D004786,D013078,3
D009676,D000988,1
D009676,D013078,2
D000988,D000988,0
D000988,D013078,1
D013078,D013078,0
Z1,D013089,6
Z2,D013089,5
D020164,D013089,4
D004786,D013089,3
D009676,D013089,2
D000988,D013089,1
D013089,D013089,0
Z1,D013092,6
Z2,D013092,5
D020164,D013092,4
D004786,D013092,3
D009676,D013092,2
D000988,D013092,1
D013092,D013092,0
Z1,D010575,4
Z1,D007302,5
Z2,D010575,3
Z2,D007302,4
D020164,D010575,2
D020164,D007302,3
D004786,D010575,1
D004786,D007302,2
Z1,D052244,4
Z2,D052244,3
D020164,D052244,2
D004786,D052244,1
D052244,D052244,0
Z1,D006730,2
Z1,D006727,3
Z1,D000451,4
Z2,D006730,1
Z2,D006727,2
Z2,D000451,3
D006730,D006730,0
D006730,D006727,1
D006730,D000451,2
D006727,D006727,0
D006727,D000451,1
D000451,D000451,0
Z1,D000726,4
Z1,D057466,5
Z2,D000726,3
Z2,D057466,4
D006730,D000726,2
D006730,D057466,3
D006727,D000726,1
D006727,D057466,2
D000726,D000726,0
D000726,D057466,1
D057466,D057466,0
Z1,D059002,5
Z2,D059002,4
D006730,D059002,3
D006727,D059002,2
D000726,D059002,1
D059002,D059002,0
Z1,D004965,4
Z1,D047072,5
Z2,D004965,3
Z2,D047072,4
D006730,D004965,2
D006730,D047072,3
D006727,D004965,1
D006727,D047072,2
D004965,D004965,0
D004965,D047072,1
D047072,D047072,0
Z1,D065171,5
Z2,D065171,4
D006730,D065171,3
D006727,D065171,2
D004965,D065171,1
D065171,D065171,0
Z1,D007329,4
Z2,D007329,3
D006730,D007329,2
D006727,D007329,1
D007329,D007329,0
Z1,D011448,4
Z2,D011448,3
D006730,D011448,2
D006727,D011448,1
D011448,D011448,0
Z1,D013956,4
Z2,D013956,3
D006730,D013956,2
D006727,D013956,1
D013956,D013956,0
Z1,D020024,4
Z2,D020024,3
D006730,D020024,2
D006727,D020024,1
D020024,D020024,0
Z1,D020847,4
Z1,D020845,5
Z2,D020847,3
Z2,D020845,4
D006730,D020847,2
D006730,D020845,3
D006727,D020847,1
D006727,D020845,2
D020847,D020847,0
D020847,D020845,1
D020845,D020845,0
Z1,D065088,4
Z2,D065088,3
D006730,D065088,2
D006727,D065088,1
D065088,D065088,0
D065088,D047072,1
Z1,D058888,5
Z2,D058888,4
D006730,D058888,3
D006727,D058888,2
D065088,D058888,1
D058888,D058888,0
Z1,D058891,5
Z2,D058891,4
D006730,D058891,3
D006727,D058891,2
D065088,D058891,1
D058891,D058891,0
Z1,D057966,4
Z2,D057966,3
D006730,D057966,2
D006727,D057966,1
D057966,D057966,0
Z1,D006728,3
Z1,D000728,4
Z2,D006728,2
Z2,D000728,3
D006730,D006728,1
D006730,D000728,2
D006728,D006728,0
D006728,D000728,1
D000728,D000728,0
Z1,D004967,4
Z1,D004968,5
Z1,D048789,6
Z2,D004967,3
Z2,D004968,4
Z2,D048789,5
D006730,D004967,2
D006730,D004968,3
D006730,D048789,4
D006728,D004967,1
D006728,D004968,2
D006728,D048789,3
D004967,D004967,0
D004967,D004968,1
D004967,D048789,2
D004968,D004968,0
D004968,D048789,1
D048789,D048789,0
Z1,D000305,4
Z1,D005938,5
Z2,D000305,3
Z2,D005938,4
D006730,D000305,2
D006730,D005938,3
D006728,D000305,1
D006728,D005938,2
D000305,D000305,0
D000305,D005938,1
D005938,D005938,0
Z1,D005938,4
Z2,D005938,3
D006730,D005938,2
D006728,D005938,1
Z1,D008901,4
Z2,D008901,3
D006730,D008901,2
D006728,D008901,1
D008901,D008901,0
Z1,D011372,4
Z2,D011372,3
D006730,D011372,2
D006728,D011372,1
D011372,D011372,0
Z1,D045930,4
Z2,D045930,3
D006730,D045930,2
D006728,D045930,1
D045930,D045930,0
Z1,D054795,4
Z2,D054795,3
D006730,D054795,2
D006728,D054795,1
D054795,D054795,0
Z1,D063385,4
Z1,D063386,5
Z2,D063385,3
Z2,D063386,4
D006730,D063385,2
D006730,D063386,3
D006728,D063385,1
D006728,D063386,2
D063385,D063385,0
D063385,D063386,1
D063386,D063386,0
Z1,D063387,5
Z2,D063387,4
D006730,D063387,3
D006728,D063387,2
D063385,D063387,1
D063387,D063387,0
Z1,D001685,2
Z1,D000975,3
Z1,D016166,4
Z2,D001685,1
Z2,D000975,2
Z2,D016166,3
D001685,D001685,0
D001685,D000975,1
D001685,D016166,2
Z1,D001697,2
Z1,D002327,3
Z2,D001697,1
Z2,D002327,2
Z1,D012388,3
Z2,D012388,2
Z1,D045424,2
Z1,D003102,3
Z1,D004655,4
Z1,D005217,5
Z2,D045424,1
Z2,D003102,2
Z2,D004655,3
Z2,D005217,4
D045424,D045424,0
D045424,D003102,1
D045424,D004655,2
D045424,D005217,3
Z1,D007287,2
Z1,D004602,3
Z1,D014131,4
Z2,D007287,1
Z2,D004602,2
Z2,D014131,3
D007287,D007287,0
D007287,D004602,1
D007287,D014131,2
D004602,D004602,0
D004602,D014131,1
D014131,D014131,0
Z1,D005740,3
Z1,D064426,4
Z2,D005740,2
Z2,D064426,3
D007287,D005740,1
D007287,D064426,2
D005740,D005740,0
D005740,D064426,1
D064426,D064426,0
Z1,D009706,2
Z1,D009696,3
Z1,D015341,4
Z1,D015342,5
Z1,D015343,6
Z2,D009706,1
Z2,D009696,2
Z2,D015341,3
Z2,D015342,4
Z2,D015343,5
D009706,D009706,0
D009706,D009696,1
D009706,D015341,2
D009706,D015342,3
D009706,D015343,4
D009696,D009696,0
D009696,D015341,1
D009696,D015342,2
D009696,D015343,3
Z1,D015344,6
Z2,D015344,5
D009706,D015344,4
D009696,D015344,3
Z1,D015345,5
Z2,D015345,4
D009706,D015345,3
D009696,D015345,2
Z1,D015347,5
Z2,D015347,4
D009706,D015347,3
D009696,D015347,2
D020228,D064907,1
D064907,D064907,0
X1,X1,0
X1,X3,1
X1,D064419,2
X1,D064420,3
X1,D065606,4
X1,D065607,5
X1,D065609,6
X3,X3,0
X3,D064419,1
X3,D064420,2
X3,D065606,3
X3,D065607,4
X3,D065609,5
D064419,D064419,0
D064419,D064420,1
D064419,D065606,2
D064419,D065607,3
D064419,D065609,4
D064420,D064420,0
D064420,D065606,1
D064420,D065607,2
D064420,D065609,3
D065606,D065606,0
D065606,D065607,1
D065606,D065609,2
X1,D065686,6
X3,D065686,5
D064419,D065686,4
D064420,D065686,3
D065606,D065686,2
X1,D065687,6
X3,D065687,5
D064419,D065687,4
D064420,D065687,3
D065606,D065687,2
X1,D065688,6
X3,D065688,5
D064419,D065688,4
D064420,D065688,3
D065606,D065688,2
X1,D065689,6
X3,D065689,5
D064419,D065689,4
D064420,D065689,3
D065606,D065689,2
X1,D065690,6
X3,D065690,5
D064419,D065690,4
D064420,D065690,3
D065606,D065690,2
X1,D065691,6
X3,D065691,5
D064419,D065691,4
D064420,D065691,3
D065606,D065691,2
X1,D065692,6
X3,D065692,5
D064419,D065692,4
D064420,D065692,3
D065606,D065692,2
X1,D065693,5
X1,D065694,6
X3,D065693,4
X3,D065694,5
D064419,D065693,3
D064419,D065694,4
D064420,D065693,2
D064420,D065694,3
D065606,D065693,1
D065606,D065694,2
X1,D065695,6
X3,D065695,5
D064419,D065695,4
D064420,D065695,3
D065606,D065695,2
X1,D065696,6
X3,D065696,5
D064419,D065696,4
D064420,D065696,3
D065606,D065696,2
X1,D065697,6
X3,D065697,5
D064419,D065697,4
D064420,D065697,3
D065606,D065697,2
X1,D065698,6
X3,D065698,5
D064419,D065698,4
D064420,D065698,3
D065606,D065698,2
X1,D065699,6
X3,D065699,5
D064419,D065699,4
D064420,D065699,3
D065606,D065699,2
X1,D065700,6
X3,D065700,5
D064419,D065700,4
D064420,D065700,3
D065606,D065700,2
X1,D065701,6
X3,D065701,5
D064419,D065701,4
D064420,D065701,3
D065606,D065701,2
D020228,D065606,1
D020228,D065607,2
D020228,D065609,3
D020228,D065686,3
D020228,D065687,3
D020228,D065688,3
D020228,D065689,3
D020228,D065690,3
D020228,D065691,3
D020228,D065692,3
