ancestor_concept_code,descendant_concept_code,min_levels_of_separation,max_levels_of_separation
AA000,AA000,0,0
AD000,AD000,0,0
AD000,AD100,1,1
AD000,AD200,1,1
AD000,AD300,1,1
AD000,AD400,1,1
AD000,AD900,1,1
AD100,AD100,0,0
AD200,AD200,0,0
AD300,AD300,0,0
AD400,AD400,0,0
AD900,AD900,0,0
AH000,AH000,0,0
AH000,AH100,1,1
AH000,AH102,1,1
AH000,AH103,1,1
AH000,AH104,1,1
AH000,AH105,1,1
AH000,AH106,1,1
AH000,AH107,1,1
AH000,AH109,1,1
AH100,AH100,0,0
AH102,AH102,0,0
AH103,AH103,0,0
AH104,AH104,0,0
AH105,AH105,0,0
AH106,AH106,0,0
AH107,AH107,0,0
AH109,AH109,0,0
AM000,AM000,0,0
AM000,AM110,2,2
AM000,AM111,2,2
AM000,AM112,2,2
AM000,AM113,2,2
AM000,AM114,1,1
AM000,AM115,2,2
AM000,AM116,2,2
AM000,AM117,2,2
AM000,AM118,2,2
AM000,AM119,2,2
AM000,AM150,1,1
AM000,AM200,1,1
AM000,AM250,1,1
AM000,AM300,1,1
AM000,AM350,1,1
AM000,AM400,1,1
AM000,AM500,1,1
AM000,AM550,1,1
AM000,AM600,1,1
AM000,AM650,1,1
AM000,AM700,1,1
AM000,AM800,1,1
AM000,AM900,1,1
AM114,AM110,1,1
AM114,AM111,1,1
AM114,AM112,1,1
AM114,AM113,1,1
AM114,AM114,0,0
AM114,AM115,1,1
AM114,AM116,1,1
AM114,AM117,1,1
AM114,AM118,1,1
AM114,AM119,1,1
AM150,AM150,0,0
AM200,AM200,0,0
AM250,AM250,0,0
AM300,AM300,0,0
AM350,AM350,0,0
AM400,AM400,0,0
AM500,AM500,0,0
AM550,AM550,0,0
AM600,AM600,0,0
AM650,AM650,0,0
AM700,AM700,0,0
AM800,AM800,0,0
AM900,AM900,0,0
AN000,AN000,0,0
AN000,AN100,1,1
AN000,AN200,1,1
AN000,AN300,1,1
AN000,AN400,1,1
AN000,AN500,1,1
AN000,AN600,1,1
AN000,AN700,1,1
AN000,AN900,1,1
AN100,AN100,0,0
AN200,AN200,0,0
AN300,AN300,0,0
AN400,AN400,0,0
AN500,AN500,0,0
AN600,AN600,0,0
AN700,AN700,0,0
AN900,AN900,0,0
AP000,AP000,0,0
AP000,AP100,1,1
AP000,AP101,2,2
AP000,AP109,2,2
AP000,AP200,1,1
AP000,AP300,1,1
AP000,AP900,1,1
AP100,AP100,0,0
AP100,AP101,1,1
AP100,AP109,1,1
AP200,AP200,0,0
AP300,AP300,0,0
AP900,AP900,0,0
AS000,AS000,0,0
AU000,AU000,0,0
AU000,AU100,1,1
AU000,AU200,1,1
AU000,AU300,1,1
AU000,AU350,1,1
AU000,AU900,1,1
AU100,AU100,0,0
AU200,AU200,0,0
AU300,AU300,0,0
AU350,AU350,0,0
AU900,AU900,0,0
BL000,BL000,0,0
BL000,BL110,1,1
BL000,BL115,1,1
BL000,BL116,1,1
BL000,BL117,1,1
BL000,BL118,1,1
BL000,BL400,1,1
BL000,BL500,1,1
BL000,BL800,1,1
BL000,BL900,1,1
BL110,BL110,0,0
BL115,BL115,0,0
BL116,BL116,0,0
BL117,BL117,0,0
BL118,BL118,0,0
BL400,BL400,0,0
BL500,BL500,0,0
BL800,BL800,0,0
BL900,BL900,0,0
CN000,CN000,0,0
CN000,CN100,1,1
CN000,CN101,2,2
CN000,CN102,2,2
CN000,CN103,2,2
CN000,CN104,2,2
CN000,CN105,2,2
CN000,CN200,1,1
CN000,CN201,2,2
CN000,CN202,2,2
CN000,CN203,2,2
CN000,CN204,2,2
CN000,CN205,2,2
CN000,CN300,1,1
CN000,CN301,2,2
CN000,CN302,2,2
CN000,CN309,2,2
CN000,CN400,1,1
CN000,CN500,1,1
CN000,CN550,1,1
CN000,CN600,1,1
CN000,CN601,2,2
CN000,CN602,2,2
CN000,CN609,2,2
CN000,CN700,1,1
CN000,CN701,2,2
CN000,CN709,2,2
CN000,CN750,1,1
CN000,CN800,1,1
CN000,CN801,2,2
CN000,CN802,2,2
CN000,CN809,2,2
CN000,CN850,1,1
CN000,CN900,1,1
CN100,CN100,0,0
CN100,CN101,1,1
CN100,CN102,1,1
CN100,CN103,1,1
CN100,CN104,1,1
CN100,CN105,1,1
CN200,CN200,0,0
CN200,CN201,1,1
CN200,CN202,1,1
CN200,CN203,1,1
CN200,CN204,1,1
CN200,CN205,1,1
CN300,CN300,0,0
CN300,CN301,1,1
CN300,CN302,1,1
CN300,CN309,1,1
CN400,CN400,0,0
CN500,CN500,0,0
CN550,CN550,0,0
CN600,CN600,0,0
CN600,CN601,1,1
CN600,CN602,1,1
CN600,CN609,1,1
CN700,CN700,0,0
CN700,CN701,1,1
CN700,CN709,1,1
CN750,CN750,0,0
CN800,CN800,0,0
CN800,CN801,1,1
CN800,CN802,1,1
CN800,CN809,1,1
CN850,CN850,0,0
CN900,CN900,0,0
CV000,CV000,0,0
CV000,CV050,1,1
CV000,CV100,1,1
CV000,CV150,1,1
CV000,CV200,1,1
CV000,CV250,1,1
CV000,CV300,1,1
CV000,CV350,1,1
CV000,CV400,1,1
CV000,CV490,1,1
CV000,CV500,1,1
CV000,CV600,1,1
CV000,CV700,1,1
CV000,CV701,2,2
CV000,CV702,2,2
CV000,CV703,2,2
CV000,CV704,2,2
CV000,CV709,2,2
CV000,CV800,1,1
CV000,CV805,1,1
CV000,CV806,1,1
CV000,CV900,1,1
CV050,CV050,0,0
CV100,CV100,0,0
CV150,CV150,0,0
CV200,CV200,0,0
CV250,CV250,0,0
CV300,CV300,0,0
CV350,CV350,0,0
CV400,CV400,0,0
CV490,CV490,0,0
CV500,CV500,0,0
CV600,CV600,0,0
CV700,CV700,0,0
CV700,CV701,1,1
CV700,CV702,1,1
CV700,CV703,1,1
CV700,CV704,1,1
CV700,CV709,1,1
CV800,CV800,0,0
CV805,CV805,0,0
CV806,CV806,0,0
CV900,CV900,0,0
DE000,DE000,0,0
DE000,DE100,1,1
DE000,DE101,2,2
DE000,DE102,2,2
DE000,DE103,2,2
DE000,DE109,2,2
DE000,DE200,1,1
DE000,DE250,1,1
DE000,DE300,1,1
DE000,DE350,1,1
DE000,DE400,1,1
DE000,DE450,1,1
DE000,DE500,1,1
DE000,DE600,1,1
DE000,DE650,1,1
DE000,DE700,1,1
DE000,DE750,1,1
DE000,DE751,2,2
DE000,DE752,2,2
DE000,DE800,1,1
DE000,DE810,2,2
DE000,DE820,2,2
DE000,DE890,1,1
DE000,DE900,1,1
DE100,DE100,0,0
DE100,DE101,1,1
DE100,DE102,1,1
DE100,DE103,1,1
DE100,DE109,1,1
DE200,DE200,0,0
DE250,DE250,0,0
DE300,DE300,0,0
DE350,DE350,0,0
DE400,DE400,0,0
DE450,DE450,0,0
DE500,DE500,0,0
DE600,DE600,0,0
DE650,DE650,0,0
DE700,DE700,0,0
DE750,DE750,0,0
DE750,DE751,1,1
DE750,DE752,1,1
DE800,DE800,0,0
DE800,DE810,1,1
DE800,DE820,1,1
DE890,DE890,0,0
DE900,DE900,0,0
DX000,DX000,0,0
DX000,DX100,1,1
DX000,DX101,2,2
DX000,DX102,2,2
DX000,DX109,2,2
DX000,DX200,1,1
DX000,DX201,2,2
DX000,DX202,2,2
DX000,DX300,1,1
DX000,DX900,1,1
DX100,DX100,0,0
DX100,DX101,1,1
DX100,DX102,1,1
DX100,DX109,1,1
DX200,DX200,0,0
DX200,DX201,1,1
DX200,DX202,1,1
DX300,DX300,0,0
DX900,DX900,0,0
GA000,GA000,0,0
GA000,GA100,1,1
GA000,GA101,2,2
GA000,GA102,2,2
GA000,GA103,2,2
GA000,GA104,2,2
GA000,GA105,2,2
GA000,GA106,2,2
GA000,GA107,2,2
GA000,GA108,2,2
GA000,GA109,2,2
GA000,GA110,2,2
GA000,GA199,2,2
GA000,GA200,1,1
GA000,GA201,2,2
GA000,GA202,2,2
GA000,GA203,2,2
GA000,GA204,2,2
GA000,GA205,2,2
GA000,GA206,2,2
GA000,GA208,1,1
GA000,GA209,2,2
GA000,GA300,1,1
GA000,GA301,2,2
GA000,GA302,2,2
GA000,GA303,2,2
GA000,GA309,2,2
GA000,GA400,1,1
GA000,GA500,1,1
GA000,GA600,1,1
GA000,GA605,1,1
GA000,GA750,1,1
GA000,GA751,2,2
GA000,GA752,2,2
GA000,GA759,2,2
GA000,GA800,1,1
GA000,GA801,2,2
GA000,GA802,2,2
GA000,GA900,1,1
GA100,GA100,0,0
GA100,GA101,1,1
GA100,GA102,1,1
GA100,GA103,1,1
GA100,GA104,1,1
GA100,GA105,1,1
GA100,GA106,1,1
GA100,GA107,1,1
GA100,GA108,1,1
GA100,GA109,1,1
GA100,GA110,1,1
GA100,GA199,1,1
GA200,GA200,0,0
GA200,GA201,1,1
GA200,GA202,1,1
GA200,GA203,1,1
GA200,GA204,1,1
GA200,GA205,1,1
GA200,GA206,1,1
GA200,GA209,1,1
GA208,GA208,0,0
GA300,GA300,0,0
GA300,GA301,1,1
GA300,GA302,1,1
GA300,GA303,1,1
GA300,GA309,1,1
GA400,GA400,0,0
GA500,GA500,0,0
GA600,GA600,0,0
GA605,GA605,0,0
GA750,GA750,0,0
GA750,GA751,1,1
GA750,GA752,1,1
GA750,GA759,1,1
GA800,GA800,0,0
GA800,GA801,1,1
GA800,GA802,1,1
GA900,GA900,0,0
GU000,GU000,0,0
GU000,GU100,1,1
GU000,GU200,1,1
GU000,GU201,2,2
GU000,GU209,2,2
GU000,GU300,1,1
GU000,GU400,1,1
GU000,GU500,1,1
GU000,GU600,1,1
GU000,GU900,1,1
GU100,GU100,0,0
GU200,GU200,0,0
GU200,GU201,1,1
GU200,GU209,1,1
GU300,GU300,0,0
GU400,GU400,0,0
GU500,GU500,0,0
GU600,GU600,0,0
GU900,GU900,0,0
HA000,HA000,0,0
HS000,HS000,0,0
HS000,HS050,1,1
HS000,HS051,2,2
HS000,HS052,2,2
HS000,HS100,1,1
HS000,HS200,1,1
HS000,HS300,1,1
HS000,HS400,1,1
HS000,HS500,1,1
HS000,HS501,2,2
HS000,HS502,2,2
HS000,HS503,2,2
HS000,HS509,2,2
HS000,HS600,1,1
HS000,HS700,1,1
HS000,HS701,2,2
HS000,HS702,2,2
HS000,HS800,1,1
HS000,HS850,1,1
HS000,HS851,2,2
HS000,HS852,2,2
HS000,HS875,1,1
HS000,HS900,1,1
HS050,HS050,0,0
HS050,HS051,1,1
HS050,HS052,1,1
HS100,HS100,0,0
HS200,HS200,0,0
HS300,HS300,0,0
HS400,HS400,0,0
HS500,HS500,0,0
HS500,HS501,1,1
HS500,HS502,1,1
HS500,HS503,1,1
HS500,HS509,1,1
HS600,HS600,0,0
HS700,HS700,0,0
HS700,HS701,1,1
HS700,HS702,1,1
HS800,HS800,0,0
HS850,HS850,0,0
HS850,HS851,1,1
HS850,HS852,1,1
HS875,HS875,0,0
HS900,HS900,0,0
IM000,IM000,0,0
IM000,IM100,1,1
IM000,IM105,1,1
IM000,IM109,1,1
IM000,IM300,1,1
IM000,IM400,1,1
IM000,IM500,1,1
IM000,IM600,1,1
IM000,IM700,1,1
IM000,IM900,1,1
IM100,IM100,0,0
IM105,IM105,0,0
IM109,IM109,0,0
IM300,IM300,0,0
IM400,IM400,0,0
IM500,IM500,0,0
IM600,IM600,0,0
IM700,IM700,0,0
IM900,IM900,0,0
IN000,IN000,0,0
IN000,IN001,1,1
IN000,IN002,1,1
IN000,IN003,1,1
IN000,IN004,1,1
IN000,IN005,1,1
IN000,IN100,1,1
IN000,IN110,1,1
IN000,IN120,1,1
IN000,IN130,1,1
IN000,IN140,1,1
IN000,IN150,1,1
IN000,IN160,1,1
IN000,IN170,1,1
IN000,IN180,1,1
IN000,IN200,1,1
IN000,IN210,1,1
IN000,IN220,1,1
IN000,IN230,1,1
IN000,IN240,1,1
IN000,IN250,1,1
IN000,IN260,1,1
IN000,IN270,1,1
IN000,IN280,1,1
IN000,IN300,1,1
IN000,IN350,1,1
IN000,IN400,1,1
IN000,IN410,1,1
IN000,IN420,1,1
IN000,IN430,1,1
IN000,IN500,1,1
IN000,IN505,1,1
IN000,IN510,1,1
IN000,IN515,1,1
IN000,IN520,1,1
IN000,IN530,1,1
IN000,IN540,1,1
IN000,IN550,1,1
IN000,IN560,1,1
IN000,IN570,1,1
IN000,IN580,1,1
IN000,IN585,1,1
IN000,IN590,1,1
IN000,IN595,1,1
IN000,IN600,1,1
IN000,IN610,1,1
IN000,IN620,1,1
IN000,IN630,1,1
IN000,IN640,1,1
IN000,IN650,1,1
IN000,IN660,1,1
IN000,IN665,1,1
IN000,IN670,1,1
IN000,IN675,1,1
IN000,IN700,1,1
IN000,IN710,1,1
IN000,IN720,1,1
IN000,IN800,1,1
IN000,IN810,1,1
IN000,IN820,1,1
IN000,IN830,1,1
IN000,IN840,1,1
IN000,IN850,1,1
IN000,IN860,1,1
IN000,IN870,1,1
IN000,IN880,1,1
IN000,IN900,1,1
IN000,IN910,1,1
IN000,IN920,1,1
IN000,IN930,1,1
IN000,IN940,1,1
IN000,IN950,1,1
IN000,IN960,1,1
IN000,IN970,1,1
IN000,IN980,1,1
IN000,IN999,1,1
IN001,IN001,0,0
IN002,IN002,0,0
IN003,IN003,0,0
IN004,IN004,0,0
IN005,IN005,0,0
IN100,IN100,0,0
IN110,IN110,0,0
IN120,IN120,0,0
IN130,IN130,0,0
IN140,IN140,0,0
IN150,IN150,0,0
IN160,IN160,0,0
IN170,IN170,0,0
IN180,IN180,0,0
IN200,IN200,0,0
IN210,IN210,0,0
IN220,IN220,0,0
IN230,IN230,0,0
IN240,IN240,0,0
IN250,IN250,0,0
IN260,IN260,0,0
IN270,IN270,0,0
IN280,IN280,0,0
IN300,IN300,0,0
IN350,IN350,0,0
IN400,IN400,0,0
IN410,IN410,0,0
IN420,IN420,0,0
IN430,IN430,0,0
IN500,IN500,0,0
IN505,IN505,0,0
IN510,IN510,0,0
IN515,IN515,0,0
IN520,IN520,0,0
IN530,IN530,0,0
IN540,IN540,0,0
IN550,IN550,0,0
IN560,IN560,0,0
IN570,IN570,0,0
IN580,IN580,0,0
IN585,IN585,0,0
IN590,IN590,0,0
IN595,IN595,0,0
IN600,IN600,0,0
IN610,IN610,0,0
IN620,IN620,0,0
IN630,IN630,0,0
IN640,IN640,0,0
IN650,IN650,0,0
IN660,IN660,0,0
IN665,IN665,0,0
IN670,IN670,0,0
IN675,IN675,0,0
IN700,IN700,0,0
IN710,IN710,0,0
IN720,IN720,0,0
IN800,IN800,0,0
IN810,IN810,0,0
IN820,IN820,0,0
IN830,IN830,0,0
IN840,IN840,0,0
IN850,IN850,0,0
IN860,IN860,0,0
IN870,IN870,0,0
IN880,IN880,0,0
IN900,IN900,0,0
IN910,IN910,0,0
IN920,IN920,0,0
IN930,IN930,0,0
IN940,IN940,0,0
IN950,IN950,0,0
IN960,IN960,0,0
IN970,IN970,0,0
IN980,IN980,0,0
IN999,IN999,0,0
IP000,IP000,0,0
IP000,IP100,1,1
IP000,IP900,1,1
IP100,IP100,0,0
IP900,IP900,0,0
IR000,IR000,0,0
IR000,IR100,1,1
IR000,IR200,1,1
IR000,IR300,1,1
IR000,IR900,1,1
IR100,IR100,0,0
IR200,IR200,0,0
IR300,IR300,0,0
IR900,IR900,0,0
MS000,MS000,0,0
MS000,MS100,1,1
MS000,MS101,2,2
MS000,MS102,2,2
MS000,MS130,2,2
MS000,MS140,2,2
MS000,MS150,2,2
MS000,MS160,2,2
MS000,MS190,2,2
MS000,MS200,1,1
MS000,MS205,1,1
MS000,MS300,1,1
MS000,MS400,1,1
MS000,MS900,1,1
MS100,MS100,0,0
MS100,MS101,1,1
MS100,MS102,1,1
MS100,MS130,1,1
MS100,MS140,1,1
MS100,MS150,1,1
MS100,MS160,1,1
MS100,MS190,1,1
MS200,MS200,0,0
MS205,MS205,0,0
MS300,MS300,0,0
MS400,MS400,0,0
MS900,MS900,0,0
NT000,NT000,0,0
NT000,NT100,1,1
NT000,NT200,1,1
NT000,NT300,1,1
NT000,NT400,1,1
NT000,NT900,1,1
NT100,NT100,0,0
NT200,NT200,0,0
NT300,NT300,0,0
NT400,NT400,0,0
NT900,NT900,0,0
OP000,OP000,0,0
OP000,OP100,1,1
OP000,OP101,2,2
OP000,OP102,2,2
OP000,OP103,2,2
OP000,OP105,2,2
OP000,OP107,2,2
OP000,OP109,2,2
OP000,OP140,2,2
OP000,OP160,2,2
OP000,OP200,1,1
OP000,OP210,2,2
OP000,OP219,2,2
OP000,OP220,2,2
OP000,OP230,2,2
OP000,OP300,1,1
OP000,OP350,1,1
OP000,OP400,1,1
OP000,OP500,1,1
OP000,OP600,1,1
OP000,OP700,1,1
OP000,OP800,1,1
OP000,OP900,1,1
OP100,OP100,0,0
OP100,OP101,1,1
OP100,OP102,1,1
OP100,OP103,1,1
OP100,OP105,1,1
OP100,OP107,1,1
OP100,OP109,1,1
OP100,OP140,1,1
OP100,OP160,1,1
OP200,OP200,0,0
OP200,OP210,1,1
OP200,OP219,1,1
OP200,OP220,1,1
OP200,OP230,1,1
OP300,OP300,0,0
OP350,OP350,0,0
OP400,OP400,0,0
OP500,OP500,0,0
OP600,OP600,0,0
OP700,OP700,0,0
OP800,OP800,0,0
OP900,OP900,0,0
OR000,OR000,0,0
OR000,OR100,1,1
OR000,OR200,1,1
OR000,OR300,1,1
OR000,OR400,1,1
OR000,OR500,1,1
OR000,OR900,1,1
OR100,OR100,0,0
OR200,OR200,0,0
OR300,OR300,0,0
OR400,OR400,0,0
OR500,OR500,0,0
OR900,OR900,0,0
OT000,OT000,0,0
OT000,OT100,1,1
OT000,OT101,2,2
OT000,OT102,2,2
OT000,OT109,2,2
OT000,OT200,1,1
OT000,OT250,1,1
OT000,OT300,1,1
OT000,OT400,1,1
OT000,OT900,1,1
OT100,OT100,0,0
OT100,OT101,1,1
OT100,OT102,1,1
OT100,OT109,1,1
OT200,OT200,0,0
OT250,OT250,0,0
OT300,OT300,0,0
OT400,OT400,0,0
OT900,OT900,0,0
PH000,PH000,0,0
RE000,RE000,0,0
RE000,RE100,1,1
RE000,RE101,2,2
RE000,RE102,2,2
RE000,RE103,2,2
RE000,RE104,2,2
RE000,RE105,2,2
RE000,RE108,2,2
RE000,RE109,2,2
RE000,RE200,1,1
RE000,RE300,1,1
RE000,RE301,2,2
RE000,RE302,2,2
RE000,RE400,1,1
RE000,RE500,1,1
RE000,RE501,2,2
RE000,RE502,2,2
RE000,RE503,2,2
RE000,RE504,2,2
RE000,RE505,2,2
RE000,RE506,2,2
RE000,RE507,2,2
RE000,RE508,2,2
RE000,RE509,2,2
RE000,RE510,2,2
RE000,RE511,2,2
RE000,RE512,2,2
RE000,RE513,2,2
RE000,RE514,2,2
RE000,RE515,2,2
RE000,RE516,2,2
RE000,RE599,2,2
RE000,RE600,1,1
RE000,RE900,1,1
RE100,RE100,0,0
RE100,RE101,1,1
RE100,RE102,1,1
RE100,RE103,1,1
RE100,RE104,1,1
RE100,RE105,1,1
RE100,RE108,1,1
RE100,RE109,1,1
RE200,RE200,0,0
RE300,RE300,0,0
RE300,RE301,1,1
RE300,RE302,1,1
RE400,RE400,0,0
RE500,RE500,0,0
RE500,RE501,1,1
RE500,RE502,1,1
RE500,RE503,1,1
RE500,RE504,1,1
RE500,RE505,1,1
RE500,RE506,1,1
RE500,RE507,1,1
RE500,RE508,1,1
RE500,RE509,1,1
RE500,RE510,1,1
RE500,RE511,1,1
RE500,RE512,1,1
RE500,RE513,1,1
RE500,RE514,1,1
RE500,RE515,1,1
RE500,RE516,1,1
RE500,RE599,1,1
RE600,RE600,0,0
RE900,RE900,0,0
RS000,RS000,0,0
RS000,RS100,1,1
RS000,RS200,1,1
RS000,RS201,2,2
RS000,RS202,2,2
RS000,RS300,1,1
RS000,RS900,1,1
RS100,RS100,0,0
RS200,RS200,0,0
RS200,RS201,1,1
RS200,RS202,1,1
RS300,RS300,0,0
RS900,RS900,0,0
TN000,TN000,0,0
TN000,TN100,1,1
TN000,TN101,2,2
TN000,TN102,2,2
TN000,TN200,1,1
TN000,TN300,1,1
TN000,TN400,1,1
TN000,TN410,2,2
TN000,TN420,2,2
TN000,TN430,2,2
TN000,TN440,2,2
TN000,TN450,2,2
TN000,TN460,2,2
TN000,TN470,2,2
TN000,TN475,2,2
TN000,TN476,2,2
TN000,TN478,2,2
TN000,TN490,2,2
TN000,TN499,2,2
TN000,TN500,1,1
TN000,TN501,2,2
TN000,TN502,2,2
TN000,TN503,2,2
TN000,TN509,2,2
TN000,TN900,1,1
TN100,TN100,0,0
TN100,TN101,1,1
TN100,TN102,1,1
TN200,TN200,0,0
TN300,TN300,0,0
TN400,TN400,0,0
TN400,TN410,1,1
TN400,TN420,1,1
TN400,TN430,1,1
TN400,TN440,1,1
TN400,TN450,1,1
TN400,TN460,1,1
TN400,TN470,1,1
TN400,TN475,1,1
TN400,TN476,1,1
TN400,TN478,1,1
TN400,TN490,1,1
TN400,TN499,1,1
TN500,TN500,0,0
TN500,TN501,1,1
TN500,TN502,1,1
TN500,TN503,1,1
TN500,TN509,1,1
TN900,TN900,0,0
VA000,AA000,1,1
VA000,AD000,1,1
VA000,AD100,2,2
VA000,AD200,2,2
VA000,AD300,2,2
VA000,AD400,2,2
VA000,AD900,2,2
VA000,AH000,1,1
VA000,AH100,2,2
VA000,AH102,2,2
VA000,AH103,2,2
VA000,AH104,2,2
VA000,AH105,2,2
VA000,AH106,2,2
VA000,AH107,2,2
VA000,AH109,2,2
VA000,AM000,1,1
VA000,AM110,3,3
VA000,AM111,3,3
VA000,AM112,3,3
VA000,AM113,3,3
VA000,AM114,2,2
VA000,AM115,3,3
VA000,AM116,3,3
VA000,AM117,3,3
VA000,AM118,3,3
VA000,AM119,3,3
VA000,AM150,2,2
VA000,AM200,2,2
VA000,AM250,2,2
VA000,AM300,2,2
VA000,AM350,2,2
VA000,AM400,2,2
VA000,AM500,2,2
VA000,AM550,2,2
VA000,AM600,2,2
VA000,AM650,2,2
VA000,AM700,2,2
VA000,AM800,2,2
VA000,AM900,2,2
VA000,AN000,1,1
VA000,AN100,2,2
VA000,AN200,2,2
VA000,AN300,2,2
VA000,AN400,2,2
VA000,AN500,2,2
VA000,AN600,2,2
VA000,AN700,2,2
VA000,AN900,2,2
VA000,AP000,1,1
VA000,AP100,2,2
VA000,AP101,3,3
VA000,AP109,3,3
VA000,AP200,2,2
VA000,AP300,2,2
VA000,AP900,2,2
VA000,AS000,1,1
VA000,AU000,1,1
VA000,AU100,2,2
VA000,AU200,2,2
VA000,AU300,2,2
VA000,AU350,2,2
VA000,AU900,2,2
VA000,BL000,1,1
VA000,BL110,2,2
VA000,BL115,2,2
VA000,BL116,2,2
VA000,BL117,2,2
VA000,BL118,2,2
VA000,BL400,2,2
VA000,BL500,2,2
VA000,BL800,2,2
VA000,BL900,2,2
VA000,CN000,1,1
VA000,CN100,2,2
VA000,CN101,3,3
VA000,CN102,3,3
VA000,CN103,3,3
VA000,CN104,3,3
VA000,CN105,3,3
VA000,CN200,2,2
VA000,CN201,3,3
VA000,CN202,3,3
VA000,CN203,3,3
VA000,CN204,3,3
VA000,CN205,3,3
VA000,CN300,2,2
VA000,CN301,3,3
VA000,CN302,3,3
VA000,CN309,3,3
VA000,CN400,2,2
VA000,CN500,2,2
VA000,CN550,2,2
VA000,CN600,2,2
VA000,CN601,3,3
VA000,CN602,3,3
VA000,CN609,3,3
VA000,CN700,2,2
VA000,CN701,3,3
VA000,CN709,3,3
VA000,CN750,2,2
VA000,CN800,2,2
VA000,CN801,3,3
VA000,CN802,3,3
VA000,CN809,3,3
VA000,CN850,2,2
VA000,CN900,2,2
VA000,CV000,1,1
VA000,CV050,2,2
VA000,CV100,2,2
VA000,CV150,2,2
VA000,CV200,2,2
VA000,CV250,2,2
VA000,CV300,2,2
VA000,CV350,2,2
VA000,CV400,2,2
VA000,CV490,2,2
VA000,CV500,2,2
VA000,CV600,2,2
VA000,CV700,2,2
VA000,CV701,3,3
VA000,CV702,3,3
VA000,CV703,3,3
VA000,CV704,3,3
VA000,CV709,3,3
VA000,CV800,2,2
VA000,CV805,2,2
VA000,CV806,2,2
VA000,CV900,2,2
VA000,DE000,1,1
VA000,DE100,2,2
VA000,DE101,3,3
VA000,DE102,3,3
VA000,DE103,3,3
VA000,DE109,3,3
VA000,DE200,2,2
VA000,DE250,2,2
VA000,DE300,2,2
VA000,DE350,2,2
VA000,DE400,2,2
VA000,DE450,2,2
VA000,DE500,2,2
VA000,DE600,2,2
VA000,DE650,2,2
VA000,DE700,2,2
VA000,DE750,2,2
VA000,DE751,3,3
VA000,DE752,3,3
VA000,DE800,2,2
VA000,DE810,3,3
VA000,DE820,3,3
VA000,DE890,2,2
VA000,DE900,2,2
VA000,DX000,1,1
VA000,DX100,2,2
VA000,DX101,3,3
VA000,DX102,3,3
VA000,DX109,3,3
VA000,DX200,2,2
VA000,DX201,3,3
VA000,DX202,3,3
VA000,DX300,2,2
VA000,DX900,2,2
VA000,GA000,1,1
VA000,GA100,2,2
VA000,GA101,3,3
VA000,GA102,3,3
VA000,GA103,3,3
VA000,GA104,3,3
VA000,GA105,3,3
VA000,GA106,3,3
VA000,GA107,3,3
VA000,GA108,3,3
VA000,GA109,3,3
VA000,GA110,3,3
VA000,GA199,3,3
VA000,GA200,2,2
VA000,GA201,3,3
VA000,GA202,3,3
VA000,GA203,3,3
VA000,GA204,3,3
VA000,GA205,3,3
VA000,GA206,3,3
VA000,GA208,2,2
VA000,GA209,3,3
VA000,GA300,2,2
VA000,GA301,3,3
VA000,GA302,3,3
VA000,GA303,3,3
VA000,GA309,3,3
VA000,GA400,2,2
VA000,GA500,2,2
VA000,GA600,2,2
VA000,GA605,2,2
VA000,GA750,2,2
VA000,GA751,3,3
VA000,GA752,3,3
VA000,GA759,3,3
VA000,GA800,2,2
VA000,GA801,3,3
VA000,GA802,3,3
VA000,GA900,2,2
VA000,GU000,1,1
VA000,GU100,2,2
VA000,GU200,2,2
VA000,GU201,3,3
VA000,GU209,3,3
VA000,GU300,2,2
VA000,GU400,2,2
VA000,GU500,2,2
VA000,GU600,2,2
VA000,GU900,2,2
VA000,HA000,1,1
VA000,HS000,1,1
VA000,HS050,2,2
VA000,HS051,3,3
VA000,HS052,3,3
VA000,HS100,2,2
VA000,HS200,2,2
VA000,HS300,2,2
VA000,HS400,2,2
VA000,HS500,2,2
VA000,HS501,3,3
VA000,HS502,3,3
VA000,HS503,3,3
VA000,HS509,3,3
VA000,HS600,2,2
VA000,HS700,2,2
VA000,HS701,3,3
VA000,HS702,3,3
VA000,HS800,2,2
VA000,HS850,2,2
VA000,HS851,3,3
VA000,HS852,3,3
VA000,HS875,2,2
VA000,HS900,2,2
VA000,IM000,1,1
VA000,IM100,2,2
VA000,IM105,2,2
VA000,IM109,2,2
VA000,IM300,2,2
VA000,IM400,2,2
VA000,IM500,2,2
VA000,IM600,2,2
VA000,IM700,2,2
VA000,IM900,2,2
VA000,IN000,1,1
VA000,IN001,2,2
VA000,IN002,2,2
VA000,IN003,2,2
VA000,IN004,2,2
VA000,IN005,2,2
VA000,IN100,2,2
VA000,IN110,2,2
VA000,IN120,2,2
VA000,IN130,2,2
VA000,IN140,2,2
VA000,IN150,2,2
VA000,IN160,2,2
VA000,IN170,2,2
VA000,IN180,2,2
VA000,IN200,2,2
VA000,IN210,2,2
VA000,IN220,2,2
VA000,IN230,2,2
VA000,IN240,2,2
VA000,IN250,2,2
VA000,IN260,2,2
VA000,IN270,2,2
VA000,IN280,2,2
VA000,IN300,2,2
VA000,IN350,2,2
VA000,IN400,2,2
VA000,IN410,2,2
VA000,IN420,2,2
VA000,IN430,2,2
VA000,IN500,2,2
VA000,IN505,2,2
VA000,IN510,2,2
VA000,IN515,2,2
VA000,IN520,2,2
VA000,IN530,2,2
VA000,IN540,2,2
VA000,IN550,2,2
VA000,IN560,2,2
VA000,IN570,2,2
VA000,IN580,2,2
VA000,IN585,2,2
VA000,IN590,2,2
VA000,IN595,2,2
VA000,IN600,2,2
VA000,IN610,2,2
VA000,IN620,2,2
VA000,IN630,2,2
VA000,IN640,2,2
VA000,IN650,2,2
VA000,IN660,2,2
VA000,IN665,2,2
VA000,IN670,2,2
VA000,IN675,2,2
VA000,IN700,2,2
VA000,IN710,2,2
VA000,IN720,2,2
VA000,IN800,2,2
VA000,IN810,2,2
VA000,IN820,2,2
VA000,IN830,2,2
VA000,IN840,2,2
VA000,IN850,2,2
VA000,IN860,2,2
VA000,IN870,2,2
VA000,IN880,2,2
VA000,IN900,2,2
VA000,IN910,2,2
VA000,IN920,2,2
VA000,IN930,2,2
VA000,IN940,2,2
VA000,IN950,2,2
VA000,IN960,2,2
VA000,IN970,2,2
VA000,IN980,2,2
VA000,IN999,2,2
VA000,IP000,1,1
VA000,IP100,2,2
VA000,IP900,2,2
VA000,IR000,1,1
VA000,IR100,2,2
VA000,IR200,2,2
VA000,IR300,2,2
VA000,IR900,2,2
VA000,MS000,1,1
VA000,MS100,2,2
VA000,MS101,3,3
VA000,MS102,3,3
VA000,MS130,3,3
VA000,MS140,3,3
VA000,MS150,3,3
VA000,MS160,3,3
VA000,MS190,3,3
VA000,MS200,2,2
VA000,MS205,2,2
VA000,MS300,2,2
VA000,MS400,2,2
VA000,MS900,2,2
VA000,NT000,1,1
VA000,NT100,2,2
VA000,NT200,2,2
VA000,NT300,2,2
VA000,NT400,2,2
VA000,NT900,2,2
VA000,OP000,1,1
VA000,OP100,2,2
VA000,OP101,3,3
VA000,OP102,3,3
VA000,OP103,3,3
VA000,OP105,3,3
VA000,OP107,3,3
VA000,OP109,3,3
VA000,OP140,3,3
VA000,OP160,3,3
VA000,OP200,2,2
VA000,OP210,3,3
VA000,OP219,3,3
VA000,OP220,3,3
VA000,OP230,3,3
VA000,OP300,2,2
VA000,OP350,2,2
VA000,OP400,2,2
VA000,OP500,2,2
VA000,OP600,2,2
VA000,OP700,2,2
VA000,OP800,2,2
VA000,OP900,2,2
VA000,OR000,1,1
VA000,OR100,2,2
VA000,OR200,2,2
VA000,OR300,2,2
VA000,OR400,2,2
VA000,OR500,2,2
VA000,OR900,2,2
VA000,OT000,1,1
VA000,OT100,2,2
VA000,OT101,3,3
VA000,OT102,3,3
VA000,OT109,3,3
VA000,OT200,2,2
VA000,OT250,2,2
VA000,OT300,2,2
VA000,OT400,2,2
VA000,OT900,2,2
VA000,PH000,1,1
VA000,RE000,1,1
VA000,RE100,2,2
VA000,RE101,3,3
VA000,RE102,3,3
VA000,RE103,3,3
VA000,RE104,3,3
VA000,RE105,3,3
VA000,RE108,3,3
VA000,RE109,3,3
VA000,RE200,2,2
VA000,RE300,2,2
VA000,RE301,3,3
VA000,RE302,3,3
VA000,RE400,2,2
VA000,RE500,2,2
VA000,RE501,3,3
VA000,RE502,3,3
VA000,RE503,3,3
VA000,RE504,3,3
VA000,RE505,3,3
VA000,RE506,3,3
VA000,RE507,3,3
VA000,RE508,3,3
VA000,RE509,3,3
VA000,RE510,3,3
VA000,RE511,3,3
VA000,RE512,3,3
VA000,RE513,3,3
VA000,RE514,3,3
VA000,RE515,3,3
VA000,RE516,3,3
VA000,RE599,3,3
VA000,RE600,2,2
VA000,RE900,2,2
VA000,RS000,1,1
VA000,RS100,2,2
VA000,RS200,2,2
VA000,RS201,3,3
VA000,RS202,3,3
VA000,RS300,2,2
VA000,RS900,2,2
VA000,TN000,1,1
VA000,TN100,2,2
VA000,TN101,3,3
VA000,TN102,3,3
VA000,TN200,2,2
VA000,TN300,2,2
VA000,TN400,2,2
VA000,TN410,3,3
VA000,TN420,3,3
VA000,TN430,3,3
VA000,TN440,3,3
VA000,TN450,3,3
VA000,TN460,3,3
VA000,TN470,3,3
VA000,TN475,3,3
VA000,TN476,3,3
VA000,TN478,3,3
VA000,TN490,3,3
VA000,TN499,3,3
VA000,TN500,2,2
VA000,TN501,3,3
VA000,TN502,3,3
VA000,TN503,3,3
VA000,TN509,3,3
VA000,TN900,2,2
VA000,VA000,0,0
VA000,VT000,1,1
VA000,VT050,2,2
VA000,VT100,2,2
VA000,VT101,3,3
VA000,VT102,3,3
VA000,VT103,3,3
VA000,VT104,3,3
VA000,VT105,3,3
VA000,VT106,3,3
VA000,VT107,3,3
VA000,VT109,3,3
VA000,VT400,2,2
VA000,VT500,2,2
VA000,VT501,3,3
VA000,VT502,3,3
VA000,VT503,3,3
VA000,VT504,3,3
VA000,VT509,3,3
VA000,VT600,2,2
VA000,VT700,2,2
VA000,VT701,3,3
VA000,VT702,3,3
VA000,VT709,3,3
VA000,VT800,2,2
VA000,VT801,3,3
VA000,VT802,3,3
VA000,VT809,3,3
VA000,VT900,2,2
VA000,XX000,1,1
VT000,VT000,0,0
VT000,VT050,1,1
VT000,VT100,1,1
VT000,VT101,2,2
VT000,VT102,2,2
VT000,VT103,2,2
VT000,VT104,2,2
VT000,VT105,2,2
VT000,VT106,2,2
VT000,VT107,2,2
VT000,VT109,2,2
VT000,VT400,1,1
VT000,VT500,1,1
VT000,VT501,2,2
VT000,VT502,2,2
VT000,VT503,2,2
VT000,VT504,2,2
VT000,VT509,2,2
VT000,VT600,1,1
VT000,VT700,1,1
VT000,VT701,2,2
VT000,VT702,2,2
VT000,VT709,2,2
VT000,VT800,1,1
VT000,VT801,2,2
VT000,VT802,2,2
VT000,VT809,2,2
VT000,VT900,1,1
VT050,VT050,0,0
VT100,VT100,0,0
VT100,VT101,1,1
VT100,VT102,1,1
VT100,VT103,1,1
VT100,VT104,1,1
VT100,VT105,1,1
VT100,VT106,1,1
VT100,VT107,1,1
VT100,VT109,1,1
VT400,VT400,0,0
VT500,VT500,0,0
VT500,VT501,1,1
VT500,VT502,1,1
VT500,VT503,1,1
VT500,VT504,1,1
VT500,VT509,1,1
VT600,VT600,0,0
VT700,VT700,0,0
VT700,VT701,1,1
VT700,VT702,1,1
VT700,VT709,1,1
VT800,VT800,0,0
VT800,VT801,1,1
VT800,VT802,1,1
VT800,VT809,1,1
VT900,VT900,0,0
XX000,XX000,0,0
